model,adm_1,validation,wis,wis_baseline,wis_ratio,region
3rd_imdc_-unifesp-_-4mosqueteiras-,11,1,205.38,101.89453525641024,2.0156134917655404,North
3rd_imdc_-unifesp-_-4mosqueteiras-,11,2,68.46,31.277812499999985,2.1887719929262963,North
3rd_imdc_-unifesp-_-4mosqueteiras-,11,3,30.970000000000002,24.740000000000002,1.251818916734034,North
3rd_imdc_-unifesp-_-4mosqueteiras-,11,4,42.33,26.55,1.5943502824858755,North
3rd_imdc_-unifesp-_-4mosqueteiras-,12,1,37.72,30.96498397435897,1.2181501540977584,North
3rd_imdc_-unifesp-_-4mosqueteiras-,12,2,90.79999999999998,58.973378739316246,1.5396777654773515,North
3rd_imdc_-unifesp-_-4mosqueteiras-,12,3,71.89,47.43,1.5157073582121021,North
3rd_imdc_-unifesp-_-4mosqueteiras-,12,4,46.58,40.95000000000001,1.1374847374847372,North
3rd_imdc_-unifesp-_-4mosqueteiras-,13,1,44.72,22.90296207264957,1.9525858645770569,North
3rd_imdc_-unifesp-_-4mosqueteiras-,13,2,123.07,57.59958066239316,2.136647499594603,North
3rd_imdc_-unifesp-_-4mosqueteiras-,13,3,44.04,18.51,2.379254457050243,North
3rd_imdc_-unifesp-_-4mosqueteiras-,13,4,43.69,32.42,1.3476249228871067,North
3rd_imdc_-unifesp-_-4mosqueteiras-,14,1,3.31,2.173453525641025,1.5229219125004154,North
3rd_imdc_-unifesp-_-4mosqueteiras-,14,2,4.4,4.4362873931623925,0.9918203240803737,North
3rd_imdc_-unifesp-_-4mosqueteiras-,14,3,3.55,2.69,1.3197026022304832,North
3rd_imdc_-unifesp-_-4mosqueteiras-,14,4,6.900000000000001,5.0600000000000005,1.3636363636363638,North
3rd_imdc_-unifesp-_-4mosqueteiras-,15,1,43.91,18.409249465811964,2.38521402415377,North
3rd_imdc_-unifesp-_-4mosqueteiras-,15,2,190.51000000000002,197.2042361111112,0.9660542986138522,North
3rd_imdc_-unifesp-_-4mosqueteiras-,15,3,159.61,92.14,1.732255263729108,North
3rd_imdc_-unifesp-_-4mosqueteiras-,15,4,65.46,39.14,1.6724578436382216,North
3rd_imdc_-unifesp-_-4mosqueteiras-,16,1,9.07,8.522823183760684,1.064201357278173,North
3rd_imdc_-unifesp-_-4mosqueteiras-,16,2,179.47,180.8090598290599,0.9925940667446318,North
3rd_imdc_-unifesp-_-4mosqueteiras-,16,3,22.69,17.47,1.2987979393245566,North
3rd_imdc_-unifesp-_-4mosqueteiras-,16,4,12.77,7.9399999999999995,1.6083123425692696,North
3rd_imdc_-unifesp-_-4mosqueteiras-,17,1,22.79,32.95020566239315,0.6916497042083948,North
3rd_imdc_-unifesp-_-4mosqueteiras-,17,2,30.31,29.62533653846153,1.0231107403843192,North
3rd_imdc_-unifesp-_-4mosqueteiras-,17,3,20.66,32.61,0.6335479914136768,North
3rd_imdc_-unifesp-_-4mosqueteiras-,17,4,288.91,187.15,1.5437349719476356,North
3rd_imdc_-unifesp-_-4mosqueteiras-,21,1,46.33,24.062783119658125,1.9253799433595293,Northeast
3rd_imdc_-unifesp-_-4mosqueteiras-,21,2,126.27,58.10072382478632,2.173294783397036,Northeast
3rd_imdc_-unifesp-_-4mosqueteiras-,21,3,43.59,22.990000000000002,1.8960417572857764,Northeast
3rd_imdc_-unifesp-_-4mosqueteiras-,21,4,203.47999999999996,67.28,3.0243757431629006,Northeast
3rd_imdc_-unifesp-_-4mosqueteiras-,22,1,121.97,28.55163461538461,4.271909529630865,Northeast
3rd_imdc_-unifesp-_-4mosqueteiras-,22,2,202.13,79.68833867521366,2.536506637738085,Northeast
3rd_imdc_-unifesp-_-4mosqueteiras-,22,3,62.32,26.300000000000004,2.3695817490494293,Northeast
3rd_imdc_-unifesp-_-4mosqueteiras-,22,4,116.12,94.01000000000002,1.2351877459844696,Northeast
3rd_imdc_-unifesp-_-4mosqueteiras-,23,1,206.47,119.86219017094014,1.7225615492720856,Northeast
3rd_imdc_-unifesp-_-4mosqueteiras-,23,2,260.31,125.9489075854701,2.0667904548783103,Northeast
3rd_imdc_-unifesp-_-4mosqueteiras-,23,3,183.3,191.48,0.9572801336954252,Northeast
3rd_imdc_-unifesp-_-4mosqueteiras-,23,4,132.44,101.86,1.3002159827213822,Northeast
3rd_imdc_-unifesp-_-4mosqueteiras-,24,1,120.53999999999999,109.64313568376066,1.0993848292306116,Northeast
3rd_imdc_-unifesp-_-4mosqueteiras-,24,2,217.01000000000002,99.9653472222222,2.1708522606097533,Northeast
3rd_imdc_-unifesp-_-4mosqueteiras-,24,3,79.89,82.79999999999998,0.9648550724637683,Northeast
3rd_imdc_-unifesp-_-4mosqueteiras-,24,4,44.58,77.37,0.576192322605661,Northeast
3rd_imdc_-unifesp-_-4mosqueteiras-,25,1,93.48,81.90579594017093,1.1413111725119378,Northeast
3rd_imdc_-unifesp-_-4mosqueteiras-,25,2,212.57,78.4289503205128,2.7103512048968876,Northeast
3rd_imdc_-unifesp-_-4mosqueteiras-,25,3,86.68,67.79,1.278654668830211,Northeast
3rd_imdc_-unifesp-_-4mosqueteiras-,25,4,35.5,60.29,0.5888206999502406,Northeast
3rd_imdc_-unifesp-_-4mosqueteiras-,26,1,230.77,194.26540331196577,1.187910951027201,Northeast
3rd_imdc_-unifesp-_-4mosqueteiras-,26,2,151.7,137.06076388888886,1.106808365105704,Northeast
3rd_imdc_-unifesp-_-4mosqueteiras-,26,3,103.94,113.78999999999999,0.9134370331312066,Northeast
3rd_imdc_-unifesp-_-4mosqueteiras-,26,4,209.89000000000001,103.51000000000002,2.027726789682156,Northeast
3rd_imdc_-unifesp-_-4mosqueteiras-,27,1,84.39,63.17461805555554,1.3358212933838036,Northeast
3rd_imdc_-unifesp-_-4mosqueteiras-,27,2,273.77,98.23614316239316,2.786856152805527,Northeast
3rd_imdc_-unifesp-_-4mosqueteiras-,27,3,61.8,60.480000000000004,1.0218253968253967,Northeast
3rd_imdc_-unifesp-_-4mosqueteiras-,27,4,43.33,45.78,0.9464831804281345,Northeast
3rd_imdc_-unifesp-_-4mosqueteiras-,28,1,28.0,22.78627136752136,1.2288100825442676,Northeast
3rd_imdc_-unifesp-_-4mosqueteiras-,28,2,25.71,22.27611912393161,1.1541507682269176,Northeast
3rd_imdc_-unifesp-_-4mosqueteiras-,28,3,12.129999999999999,15.27,0.7943680419122462,Northeast
3rd_imdc_-unifesp-_-4mosqueteiras-,28,4,8.49,11.32,0.75,Northeast
3rd_imdc_-unifesp-_-4mosqueteiras-,29,1,268.75,183.18042467948715,1.4671327488744221,Northeast
3rd_imdc_-unifesp-_-4mosqueteiras-,29,2,3514.21,3104.0630341880337,1.1321322928351076,Northeast
3rd_imdc_-unifesp-_-4mosqueteiras-,29,3,489.81,236.23,2.073445371036702,Northeast
3rd_imdc_-unifesp-_-4mosqueteiras-,29,4,312.39,302.3868506006006,1.0330806362099778,Northeast
3rd_imdc_-unifesp-_-4mosqueteiras-,31,1,4962.32,2416.086233974359,2.0538670889396173,Southeast
3rd_imdc_-unifesp-_-4mosqueteiras-,31,2,29341.739999999998,25866.006260683767,1.1343745804546306,Southeast
3rd_imdc_-unifesp-_-4mosqueteiras-,31,3,2215.63,1133.0,1.9555428067078553,Southeast
3rd_imdc_-unifesp-_-4mosqueteiras-,31,4,638.48,2086.45,0.30601260514270656,Southeast
3rd_imdc_-unifesp-_-4mosqueteiras-,33,1,493.35,234.75418002136752,2.101560023148874,Southeast
3rd_imdc_-unifesp-_-4mosqueteiras-,33,2,5850.14,4730.010045405984,1.2368134409528244,Southeast
3rd_imdc_-unifesp-_-4mosqueteiras-,33,3,365.08,236.55,1.5433523567956033,Southeast
3rd_imdc_-unifesp-_-4mosqueteiras-,33,4,196.12,249.32,0.7866196053264881,Southeast
3rd_imdc_-unifesp-_-4mosqueteiras-,35,1,4738.5,1338.2324572649572,3.540864648944785,Southeast
3rd_imdc_-unifesp-_-4mosqueteiras-,35,2,39116.78,28666.995940170957,1.364523163907307,Southeast
3rd_imdc_-unifesp-_-4mosqueteiras-,35,3,17146.16,5586.86,3.0690155113963837,Southeast
3rd_imdc_-unifesp-_-4mosqueteiras-,35,4,1132.82,4850.28,0.23355765027998385,Southeast
3rd_imdc_-unifesp-_-4mosqueteiras-,41,1,3309.54,1437.424925213675,2.3024089411195043,South
3rd_imdc_-unifesp-_-4mosqueteiras-,41,2,12089.890000000001,6683.275253739316,1.8089768176517442,South
3rd_imdc_-unifesp-_-4mosqueteiras-,41,3,1746.82,728.92,2.3964495417878506,South
3rd_imdc_-unifesp-_-4mosqueteiras-,41,4,361.62,1311.3,0.2757721345229925,South
3rd_imdc_-unifesp-_-4mosqueteiras-,42,1,2690.58,1760.920769230769,1.5279392730289267,South
3rd_imdc_-unifesp-_-4mosqueteiras-,42,2,6918.550000000001,4318.642099358976,1.6020197647373775,South
3rd_imdc_-unifesp-_-4mosqueteiras-,42,3,498.87,548.67,0.9092350593252776,South
3rd_imdc_-unifesp-_-4mosqueteiras-,42,4,98.13,594.26,0.1651297411907246,South
3rd_imdc_-unifesp-_-4mosqueteiras-,43,1,700.1000000000001,370.2973637820513,1.8906426793037154,South
3rd_imdc_-unifesp-_-4mosqueteiras-,43,2,4146.81,3349.2164823717967,1.2381433155564123,South
3rd_imdc_-unifesp-_-4mosqueteiras-,43,3,1641.74,634.4599999999999,2.587617816726035,South
3rd_imdc_-unifesp-_-4mosqueteiras-,43,4,231.84,286.01,0.8106010279360862,South
3rd_imdc_-unifesp-_-4mosqueteiras-,50,1,477.75,257.81926014957264,1.8530423201231574,Midwest
3rd_imdc_-unifesp-_-4mosqueteiras-,50,2,260.81,155.00426816239312,1.6825988283545685,Midwest
3rd_imdc_-unifesp-_-4mosqueteiras-,50,3,195.40000000000003,147.63,1.3235792183160606,Midwest
3rd_imdc_-unifesp-_-4mosqueteiras-,50,4,133.35,220.94,0.6035575269303883,Midwest
3rd_imdc_-unifesp-_-4mosqueteiras-,51,1,188.76000000000002,102.4777911324786,1.84196007655922,Midwest
3rd_imdc_-unifesp-_-4mosqueteiras-,51,2,360.86,202.04812232905985,1.7860101635208259,Midwest
3rd_imdc_-unifesp-_-4mosqueteiras-,51,3,356.02000000000004,135.48,2.6278417478594633,Midwest
3rd_imdc_-unifesp-_-4mosqueteiras-,51,4,140.99,122.88,1.1473795572916667,Midwest
3rd_imdc_-unifesp-_-4mosqueteiras-,52,1,678.39,312.7443643162392,2.169151797453428,Midwest
3rd_imdc_-unifesp-_-4mosqueteiras-,52,2,4577.86,4133.947003205129,1.1073823627759856,Midwest
3rd_imdc_-unifesp-_-4mosqueteiras-,52,3,1322.1399999999999,267.54,4.941840472452716,Midwest
3rd_imdc_-unifesp-_-4mosqueteiras-,52,4,1305.1299999999999,293.55,4.4460228240504165,Midwest
3rd_imdc_-unifesp-_-4mosqueteiras-,53,1,436.29,186.2505128205128,2.342490194485784,Midwest
3rd_imdc_-unifesp-_-4mosqueteiras-,53,2,5344.59,4186.771407585471,1.276542108393314,Midwest
3rd_imdc_-unifesp-_-4mosqueteiras-,53,3,387.14,296.11,1.3074195400357973,Midwest
3rd_imdc_-unifesp-_-4mosqueteiras-,53,4,189.54,284.16,0.667018581081081,Midwest
3rd_imdc_afya_ric,11,1,182.42000000000002,101.89453525641024,1.790282467464553,North
3rd_imdc_afya_ric,11,2,99.96000000000001,31.277812499999985,3.1958756706531206,North
3rd_imdc_afya_ric,11,3,33.8,24.740000000000002,1.3662085691188357,North
3rd_imdc_afya_ric,11,4,47.269999999999996,26.55,1.7804143126177023,North
3rd_imdc_afya_ric,12,1,56.04,30.96498397435897,1.8097861780391937,North
3rd_imdc_afya_ric,12,2,78.21,58.973378739316246,1.3261916083478378,North
3rd_imdc_afya_ric,12,3,66.74,47.43,1.4071262913767657,North
3rd_imdc_afya_ric,12,4,127.53,40.95000000000001,3.1142857142857134,North
3rd_imdc_afya_ric,13,1,39.47,22.90296207264957,1.7233578728724606,North
3rd_imdc_afya_ric,13,2,87.79999999999998,57.59958066239316,1.5243166528350218,North
3rd_imdc_afya_ric,13,3,27.25,18.51,1.4721772015126957,North
3rd_imdc_afya_ric,13,4,23.580000000000002,32.42,0.7273288093769278,North
3rd_imdc_afya_ric,14,1,3.37,2.173453525641025,1.5505277477723263,North
3rd_imdc_afya_ric,14,2,12.5,4.4362873931623925,2.817671375228334,North
3rd_imdc_afya_ric,14,3,1.91,2.69,0.7100371747211895,North
3rd_imdc_afya_ric,14,4,8.58,5.0600000000000005,1.6956521739130432,North
3rd_imdc_afya_ric,15,1,30.509999999999998,18.409249465811964,1.6573190589144051,North
3rd_imdc_afya_ric,15,2,275.79,197.2042361111112,1.3984993701890414,North
3rd_imdc_afya_ric,15,3,231.21,92.14,2.509333622747992,North
3rd_imdc_afya_ric,15,4,33.92,39.14,0.8666326009197752,North
3rd_imdc_afya_ric,16,1,15.72,8.522823183760684,1.8444592432649263,North
3rd_imdc_afya_ric,16,2,211.78,180.8090598290599,1.1712908645187392,North
3rd_imdc_afya_ric,16,3,27.08,17.47,1.5500858614768174,North
3rd_imdc_afya_ric,16,4,70.46,7.9399999999999995,8.874055415617129,North
3rd_imdc_afya_ric,17,1,181.23999999999998,32.95020566239315,5.500420903498441,North
3rd_imdc_afya_ric,17,2,82.06,29.62533653846153,2.769926339687801,North
3rd_imdc_afya_ric,17,3,129.23,32.61,3.9628948175406316,North
3rd_imdc_afya_ric,17,4,356.78000000000003,187.15,1.9063852524712799,North
3rd_imdc_afya_ric,21,1,20.94,24.062783119658125,0.8702235271735064,Northeast
3rd_imdc_afya_ric,21,2,73.47,58.10072382478632,1.2645281360274034,Northeast
3rd_imdc_afya_ric,21,3,21.220000000000002,22.990000000000002,0.9230100043497173,Northeast
3rd_imdc_afya_ric,21,4,152.33,67.28,2.2641200951248517,Northeast
3rd_imdc_afya_ric,22,1,142.08,28.55163461538461,4.976247486840644,Northeast
3rd_imdc_afya_ric,22,2,132.08,79.68833867521366,1.6574570658113408,Northeast
3rd_imdc_afya_ric,22,3,32.02,26.300000000000004,1.2174904942965779,Northeast
3rd_imdc_afya_ric,22,4,104.34,94.01000000000002,1.109881927454526,Northeast
3rd_imdc_afya_ric,23,1,724.42,119.86219017094014,6.043774095624954,Northeast
3rd_imdc_afya_ric,23,2,110.43,125.9489075854701,0.8767841033084085,Northeast
3rd_imdc_afya_ric,23,3,40.39,191.48,0.21093586797576772,Northeast
3rd_imdc_afya_ric,23,4,240.54,101.86,2.3614765364225407,Northeast
3rd_imdc_afya_ric,24,1,579.69,109.64313568376066,5.287061487113766,Northeast
3rd_imdc_afya_ric,24,2,405.32,99.9653472222222,4.0546050332719465,Northeast
3rd_imdc_afya_ric,24,3,398.21,82.79999999999998,4.809299516908213,Northeast
3rd_imdc_afya_ric,24,4,78.46000000000001,77.37,1.014088147860928,Northeast
3rd_imdc_afya_ric,25,1,675.47,81.90579594017093,8.246913325809142,Northeast
3rd_imdc_afya_ric,25,2,538.02,78.4289503205128,6.859966859192847,Northeast
3rd_imdc_afya_ric,25,3,120.91,67.79,1.783596400649063,Northeast
3rd_imdc_afya_ric,25,4,73.34,60.29,1.2164538066014265,Northeast
3rd_imdc_afya_ric,26,1,337.51,194.26540331196577,1.7373654508003231,Northeast
3rd_imdc_afya_ric,26,2,208.86,137.06076388888886,1.5238496712984666,Northeast
3rd_imdc_afya_ric,26,3,149.67,113.78999999999999,1.3153176904824677,Northeast
3rd_imdc_afya_ric,26,4,98.59999999999998,103.51000000000002,0.9525649695681573,Northeast
3rd_imdc_afya_ric,27,1,279.58,63.17461805555554,4.425511520372601,Northeast
3rd_imdc_afya_ric,27,2,114.28,98.23614316239316,1.1633192867831232,Northeast
3rd_imdc_afya_ric,27,3,166.32999999999998,60.480000000000004,2.7501653439153433,Northeast
3rd_imdc_afya_ric,27,4,60.6,45.78,1.3237221494102227,Northeast
3rd_imdc_afya_ric,28,1,70.77,22.78627136752136,3.105817483630636,Northeast
3rd_imdc_afya_ric,28,2,76.45,22.27611912393161,3.431926341149275,Northeast
3rd_imdc_afya_ric,28,3,31.42,15.27,2.0576293385723643,Northeast
3rd_imdc_afya_ric,28,4,6.22,11.32,0.549469964664311,Northeast
3rd_imdc_afya_ric,29,1,263.03,183.18042467948715,1.4359067048797738,Northeast
3rd_imdc_afya_ric,29,2,3256.94,3104.0630341880337,1.049250599658636,Northeast
3rd_imdc_afya_ric,29,3,587.29,236.23,2.486094060872878,Northeast
3rd_imdc_afya_ric,29,4,838.36,302.3868506006006,2.7724750541726593,Northeast
3rd_imdc_afya_ric,31,1,6066.66,2416.086233974359,2.5109451453728133,Southeast
3rd_imdc_afya_ric,31,2,22773.15,25866.006260683767,0.8804277618464472,Southeast
3rd_imdc_afya_ric,31,3,5162.72,1133.0,4.556681376875551,Southeast
3rd_imdc_afya_ric,31,4,2044.07,2086.45,0.9796879867717895,Southeast
3rd_imdc_afya_ric,33,1,315.46,234.75418002136752,1.3437886386997946,Southeast
3rd_imdc_afya_ric,33,2,5516.38,4730.010045405984,1.1662512229456632,Southeast
3rd_imdc_afya_ric,33,3,3297.5299999999997,236.55,13.940097231029378,Southeast
3rd_imdc_afya_ric,33,4,157.69,249.32,0.6324803465425959,Southeast
3rd_imdc_afya_ric,35,1,873.39,1338.2324572649572,0.6526444604288036,Southeast
3rd_imdc_afya_ric,35,2,20736.23,28666.995940170957,0.7233485518774709,Southeast
3rd_imdc_afya_ric,35,3,12370.05,5586.86,2.2141328044733535,Southeast
3rd_imdc_afya_ric,35,4,2933.69,4850.28,0.6048496169293319,Southeast
3rd_imdc_afya_ric,41,1,2248.14,1437.424925213675,1.5640051598978717,South
3rd_imdc_afya_ric,41,2,2369.0,6683.275253739316,0.3544669207922472,South
3rd_imdc_afya_ric,41,3,1736.81,728.92,2.382716896230039,South
3rd_imdc_afya_ric,41,4,2171.35,1311.3,1.6558758483947227,South
3rd_imdc_afya_ric,42,1,2098.31,1760.920769230769,1.1915981892340415,South
3rd_imdc_afya_ric,42,2,1656.4,4318.642099358976,0.3835464856524838,South
3rd_imdc_afya_ric,42,3,358.06,548.67,0.6525962782729146,South
3rd_imdc_afya_ric,42,4,287.19,594.26,0.4832733147107327,South
3rd_imdc_afya_ric,43,1,181.04,370.2973637820513,0.4889043717485282,South
3rd_imdc_afya_ric,43,2,2201.55,3349.2164823717967,0.6573328453349007,South
3rd_imdc_afya_ric,43,3,967.8500000000001,634.4599999999999,1.5254704788323934,South
3rd_imdc_afya_ric,43,4,60.339999999999996,286.01,0.2109716443480997,South
3rd_imdc_afya_ric,50,1,142.54,257.81926014957264,0.5528679273895444,Midwest
3rd_imdc_afya_ric,50,2,808.36,155.00426816239312,5.215082201175948,Midwest
3rd_imdc_afya_ric,50,3,114.34,147.63,0.7745038271354061,Midwest
3rd_imdc_afya_ric,50,4,141.4,220.94,0.6399927582149,Midwest
3rd_imdc_afya_ric,51,1,74.26,102.4777911324786,0.7246448150311913,Midwest
3rd_imdc_afya_ric,51,2,208.8,202.04812232905985,1.0334171760326676,Midwest
3rd_imdc_afya_ric,51,3,276.01,135.48,2.0372748745202243,Midwest
3rd_imdc_afya_ric,51,4,519.91,122.88,4.231038411458333,Midwest
3rd_imdc_afya_ric,52,1,1222.44,312.7443643162392,3.9087514899673765,Midwest
3rd_imdc_afya_ric,52,2,2450.18,4133.947003205129,0.5926974869538308,Midwest
3rd_imdc_afya_ric,52,3,1293.63,267.54,4.835276967930029,Midwest
3rd_imdc_afya_ric,52,4,1290.6299999999999,293.55,4.396627491057741,Midwest
3rd_imdc_afya_ric,53,1,154.86,186.2505128205128,0.8314607979052202,Midwest
3rd_imdc_afya_ric,53,2,4088.6600000000003,4186.771407585471,0.9765663328531108,Midwest
3rd_imdc_afya_ric,53,3,770.02,296.11,2.6004525345310863,Midwest
3rd_imdc_afya_ric,53,4,900.72,284.16,3.169763513513513,Midwest
3rd_imdc_bsc_ghr,11,1,127.4616452991453,101.89453525641024,1.2509173821579076,North
3rd_imdc_bsc_ghr,11,2,32.57617788461538,31.277812499999985,1.041510747742202,North
3rd_imdc_bsc_ghr,11,3,51.940000000000005,24.740000000000002,2.099434114793856,North
3rd_imdc_bsc_ghr,11,4,17.86,26.55,0.6726930320150659,North
3rd_imdc_bsc_ghr,12,1,26.26782585470085,30.96498397435897,0.848307426105963,North
3rd_imdc_bsc_ghr,12,2,69.04050480769232,58.973378739316246,1.1707062794023795,North
3rd_imdc_bsc_ghr,12,3,61.55,47.43,1.2977018764495045,North
3rd_imdc_bsc_ghr,12,4,33.47,40.95000000000001,0.8173382173382171,North
3rd_imdc_bsc_ghr,13,1,41.947120726495726,22.90296207264957,1.831515093699974,North
3rd_imdc_bsc_ghr,13,2,38.7336030982906,57.59958066239316,0.6724632827679563,North
3rd_imdc_bsc_ghr,13,3,36.88,18.51,1.9924365207995678,North
3rd_imdc_bsc_ghr,13,4,17.97,32.42,0.554287476866132,North
3rd_imdc_bsc_ghr,14,1,3.4431330128205127,2.173453525641025,1.5841760461866865,North
3rd_imdc_bsc_ghr,14,2,13.26946047008547,4.4362873931623925,2.9911183145026996,North
3rd_imdc_bsc_ghr,14,3,9.26,2.69,3.442379182156134,North
3rd_imdc_bsc_ghr,14,4,4.81,5.0600000000000005,0.9505928853754939,North
3rd_imdc_bsc_ghr,15,1,44.71669604700855,18.409249465811964,2.4290341727430254,North
3rd_imdc_bsc_ghr,15,2,249.51819177350424,197.2042361111112,1.2652780523077491,North
3rd_imdc_bsc_ghr,15,3,184.95,92.14,2.007271543303668,North
3rd_imdc_bsc_ghr,15,4,158.81,39.14,4.057485947879408,North
3rd_imdc_bsc_ghr,16,1,7.932144764957264,8.522823183760684,0.930694512127285,North
3rd_imdc_bsc_ghr,16,2,132.39554754273504,180.8090598290599,0.7322395662468693,North
3rd_imdc_bsc_ghr,16,3,12.77,17.47,0.7309673726388094,North
3rd_imdc_bsc_ghr,16,4,4.57,7.9399999999999995,0.575566750629723,North
3rd_imdc_bsc_ghr,17,1,14.430552884615386,32.95020566239315,0.43795031304115095,North
3rd_imdc_bsc_ghr,17,2,38.38776709401709,29.62533653846153,1.2957748866136798,North
3rd_imdc_bsc_ghr,17,3,56.47,32.61,1.7316773995706838,North
3rd_imdc_bsc_ghr,17,4,315.74,187.15,1.6870959123697569,North
3rd_imdc_bsc_ghr,21,1,33.36810096153845,24.062783119658125,1.386709957680595,Northeast
3rd_imdc_bsc_ghr,21,2,77.92029113247864,58.10072382478632,1.3411242752751575,Northeast
3rd_imdc_bsc_ghr,21,3,19.04,22.990000000000002,0.8281861678990865,Northeast
3rd_imdc_bsc_ghr,21,4,217.46,67.28,3.232164090368609,Northeast
3rd_imdc_bsc_ghr,22,1,67.60411324786325,28.55163461538461,2.3677843373435374,Northeast
3rd_imdc_bsc_ghr,22,2,120.45381410256412,79.68833867521366,1.5115613665068186,Northeast
3rd_imdc_bsc_ghr,22,3,36.2,26.300000000000004,1.3764258555133078,Northeast
3rd_imdc_bsc_ghr,22,4,274.35,94.01000000000002,2.918306563131581,Northeast
3rd_imdc_bsc_ghr,23,1,224.60631677350423,119.86219017094014,1.873871288795778,Northeast
3rd_imdc_bsc_ghr,23,2,129.94743055555557,125.9489075854701,1.0317471826214295,Northeast
3rd_imdc_bsc_ghr,23,3,21.17,191.48,0.11055984959264677,Northeast
3rd_imdc_bsc_ghr,23,4,176.0,101.86,1.7278617710583153,Northeast
3rd_imdc_bsc_ghr,24,1,33.31909455128205,109.64313568376066,0.30388673530263666,Northeast
3rd_imdc_bsc_ghr,24,2,134.85563835470086,99.9653472222222,1.3490238577866167,Northeast
3rd_imdc_bsc_ghr,24,3,40.45,82.79999999999998,0.4885265700483093,Northeast
3rd_imdc_bsc_ghr,24,4,37.14,77.37,0.4800310197751066,Northeast
3rd_imdc_bsc_ghr,25,1,28.37751602564102,81.90579594017093,0.3464652983333404,Northeast
3rd_imdc_bsc_ghr,25,2,81.521452991453,78.4289503205128,1.0394306268068383,Northeast
3rd_imdc_bsc_ghr,25,3,43.83,67.79,0.6465555391650685,Northeast
3rd_imdc_bsc_ghr,25,4,28.72,60.29,0.4763642395090396,Northeast
3rd_imdc_bsc_ghr,26,1,63.73576121794872,194.26540331196577,0.3280860108456734,Northeast
3rd_imdc_bsc_ghr,26,2,307.96185363247866,137.06076388888886,2.2469001696366897,Northeast
3rd_imdc_bsc_ghr,26,3,206.98999999999998,113.78999999999999,1.8190526408295984,Northeast
3rd_imdc_bsc_ghr,26,4,297.94,103.51000000000002,2.878369239686986,Northeast
3rd_imdc_bsc_ghr,27,1,16.97985844017094,63.17461805555554,0.26877659039012963,Northeast
3rd_imdc_bsc_ghr,27,2,135.73895566239318,98.23614316239316,1.381761857629167,Northeast
3rd_imdc_bsc_ghr,27,3,37.18,60.480000000000004,0.6147486772486772,Northeast
3rd_imdc_bsc_ghr,27,4,23.16,45.78,0.5058977719528178,Northeast
3rd_imdc_bsc_ghr,28,1,32.561477029914535,22.78627136752136,1.4289954027461624,Northeast
3rd_imdc_bsc_ghr,28,2,20.44377670940171,22.27611912393161,0.9177440915836464,Northeast
3rd_imdc_bsc_ghr,28,3,6.74,15.27,0.4413883431565161,Northeast
3rd_imdc_bsc_ghr,28,4,6.53,11.32,0.5768551236749117,Northeast
3rd_imdc_bsc_ghr,29,1,655.7084321581195,183.18042467948715,3.579576984306156,Northeast
3rd_imdc_bsc_ghr,29,2,3942.177684294873,3104.0630341880337,1.2700056799349355,Northeast
3rd_imdc_bsc_ghr,29,3,202.26000000000002,236.23,0.856199466621513,Northeast
3rd_imdc_bsc_ghr,29,4,143.06,302.3868506006006,0.47310258272095596,Northeast
3rd_imdc_bsc_ghr,31,1,6006.90516025641,2416.086233974359,2.486213064661731,Southeast
3rd_imdc_bsc_ghr,31,2,28387.16440705128,25866.006260683767,1.097469942632762,Southeast
3rd_imdc_bsc_ghr,31,3,570.64,1133.0,0.5036540158870256,Southeast
3rd_imdc_bsc_ghr,31,4,511.86,2086.45,0.2453257926142491,Southeast
3rd_imdc_bsc_ghr,33,1,644.2705235042736,234.75418002136752,2.7444475043879155,Southeast
3rd_imdc_bsc_ghr,33,2,5836.580104166667,4730.010045405984,1.2339466614527463,Southeast
3rd_imdc_bsc_ghr,33,3,299.3,236.55,1.2652716127668568,Southeast
3rd_imdc_bsc_ghr,33,4,49.43,249.32,0.19825926520134768,Southeast
3rd_imdc_bsc_ghr,35,1,5192.10641559829,1338.2324572649572,3.8798240077137085,Southeast
3rd_imdc_bsc_ghr,35,2,36808.84026442308,28666.995940170957,1.284014562992385,Southeast
3rd_imdc_bsc_ghr,35,3,14807.53,5586.86,2.650420808826425,Southeast
3rd_imdc_bsc_ghr,35,4,755.9300000000001,4850.28,0.15585285797933318,Southeast
3rd_imdc_bsc_ghr,41,1,3781.41109241453,1437.424925213675,2.6306842368497394,South
3rd_imdc_bsc_ghr,41,2,12104.613851495727,6683.275253739316,1.8111799068462957,South
3rd_imdc_bsc_ghr,41,3,871.62,728.92,1.195769083026944,South
3rd_imdc_bsc_ghr,41,4,194.15,1311.3,0.14805917791504614,South
3rd_imdc_bsc_ghr,42,1,2851.4528498931622,1760.920769230769,1.6192965065309413,South
3rd_imdc_bsc_ghr,42,2,7001.26498397436,4318.642099358976,1.621172772111301,South
3rd_imdc_bsc_ghr,42,3,460.01,548.67,0.8384092441722711,South
3rd_imdc_bsc_ghr,42,4,75.87,594.26,0.12767138962743582,South
3rd_imdc_bsc_ghr,43,1,703.0662339743587,370.2973637820513,1.8986530900289305,South
3rd_imdc_bsc_ghr,43,2,4240.291463675214,3349.2164823717967,1.2660547581780648,South
3rd_imdc_bsc_ghr,43,3,1614.5800000000002,634.4599999999999,2.5448097594805037,South
3rd_imdc_bsc_ghr,43,4,119.31,286.01,0.4171532463899864,South
3rd_imdc_bsc_ghr,50,1,653.1243936965813,257.81926014957264,2.533264556409301,Midwest
3rd_imdc_bsc_ghr,50,2,87.27302884615384,155.00426816239312,0.5630362949407343,Midwest
3rd_imdc_bsc_ghr,50,3,114.74,147.63,0.777213303529093,Midwest
3rd_imdc_bsc_ghr,50,4,55.68,220.94,0.25201412148094504,Midwest
3rd_imdc_bsc_ghr,51,1,156.81013354700855,102.4777911324786,1.5301865098193967,Midwest
3rd_imdc_bsc_ghr,51,2,135.872905982906,202.04812232905985,0.6724779444454351,Midwest
3rd_imdc_bsc_ghr,51,3,102.36999999999999,135.48,0.755609684086212,Midwest
3rd_imdc_bsc_ghr,51,4,56.68,122.88,0.46126302083333337,Midwest
3rd_imdc_bsc_ghr,52,1,539.5505902777779,312.7443643162392,1.725212831436342,Midwest
3rd_imdc_bsc_ghr,52,2,4317.483685897435,4133.947003205129,1.0443974445124737,Midwest
3rd_imdc_bsc_ghr,52,3,896.33,267.54,3.3502653808776257,Midwest
3rd_imdc_bsc_ghr,52,4,1577.25,293.55,5.3730199284619315,Midwest
3rd_imdc_bsc_ghr,53,1,604.5882986111111,186.2505128205128,3.2461027325800975,Midwest
3rd_imdc_bsc_ghr,53,2,5568.371258012819,4186.771407585471,1.3299917086288031,Midwest
3rd_imdc_bsc_ghr,53,3,204.07,296.11,0.6891695653642227,Midwest
3rd_imdc_bsc_ghr,53,4,84.25,284.16,0.2964878941441441,Midwest
3rd_imdc_ceri_returnoftheforecast,11,1,96.09,101.89453525641024,0.943033890465239,North
3rd_imdc_ceri_returnoftheforecast,11,2,34.19,31.277812499999985,1.0931071346501617,North
3rd_imdc_ceri_returnoftheforecast,11,3,24.54,24.740000000000002,0.9919159256265156,North
3rd_imdc_ceri_returnoftheforecast,11,4,113.39,26.55,4.270809792843691,North
3rd_imdc_ceri_returnoftheforecast,12,1,31.029999999999998,30.96498397435897,1.0020996628222016,North
3rd_imdc_ceri_returnoftheforecast,12,2,61.10000000000001,58.973378739316246,1.0360606990161476,North
3rd_imdc_ceri_returnoftheforecast,12,3,67.79,47.43,1.4292641787897957,North
3rd_imdc_ceri_returnoftheforecast,12,4,66.26,40.95000000000001,1.6180708180708179,North
3rd_imdc_ceri_returnoftheforecast,13,1,32.38,22.90296207264957,1.4137909278847296,North
3rd_imdc_ceri_returnoftheforecast,13,2,45.71,57.59958066239316,0.7935821662994175,North
3rd_imdc_ceri_returnoftheforecast,13,3,25.13,18.51,1.3576445164775794,North
3rd_imdc_ceri_returnoftheforecast,13,4,65.75,32.42,2.028069093152375,North
3rd_imdc_ceri_returnoftheforecast,14,1,6.549999999999999,2.173453525641025,3.013637017183601,North
3rd_imdc_ceri_returnoftheforecast,14,2,5.71,4.4362873931623925,1.287112284204303,North
3rd_imdc_ceri_returnoftheforecast,14,3,3.58,2.69,1.3308550185873607,North
3rd_imdc_ceri_returnoftheforecast,14,4,10.08,5.0600000000000005,1.9920948616600789,North
3rd_imdc_ceri_returnoftheforecast,15,1,46.10000000000001,18.409249465811964,2.5041759625025923,North
3rd_imdc_ceri_returnoftheforecast,15,2,116.24,197.2042361111112,0.5894396707305347,North
3rd_imdc_ceri_returnoftheforecast,15,3,74.27,92.14,0.806056001736488,North
3rd_imdc_ceri_returnoftheforecast,15,4,73.09,39.14,1.867399080224834,North
3rd_imdc_ceri_returnoftheforecast,16,1,11.370000000000001,8.522823183760684,1.3340649870179524,North
3rd_imdc_ceri_returnoftheforecast,16,2,166.34999999999997,180.8090598290599,0.9200313311582408,North
3rd_imdc_ceri_returnoftheforecast,16,3,11.49,17.47,0.6576989124212937,North
3rd_imdc_ceri_returnoftheforecast,16,4,30.82,7.9399999999999995,3.881612090680101,North
3rd_imdc_ceri_returnoftheforecast,17,1,37.54,32.95020566239315,1.1392948616052279,North
3rd_imdc_ceri_returnoftheforecast,17,2,50.10000000000001,29.62533653846153,1.691120029470617,North
3rd_imdc_ceri_returnoftheforecast,17,3,37.04,32.61,1.1358478994173566,North
3rd_imdc_ceri_returnoftheforecast,17,4,173.80000000000004,187.15,0.9286668447769171,North
3rd_imdc_ceri_returnoftheforecast,21,1,22.449999999999996,24.062783119658125,0.9329760355800005,Northeast
3rd_imdc_ceri_returnoftheforecast,21,2,59.78,58.10072382478632,1.0289028443135726,Northeast
3rd_imdc_ceri_returnoftheforecast,21,3,25.58,22.990000000000002,1.1126576772509784,Northeast
3rd_imdc_ceri_returnoftheforecast,21,4,82.07000000000001,67.28,1.2198275862068966,Northeast
3rd_imdc_ceri_returnoftheforecast,22,1,42.24,28.55163461538461,1.4794249285201915,Northeast
3rd_imdc_ceri_returnoftheforecast,22,2,63.2,79.68833867521366,0.7930896923022163,Northeast
3rd_imdc_ceri_returnoftheforecast,22,3,38.43,26.300000000000004,1.4612167300380225,Northeast
3rd_imdc_ceri_returnoftheforecast,22,4,92.92999999999999,94.01000000000002,0.9885118604403784,Northeast
3rd_imdc_ceri_returnoftheforecast,23,1,107.36,119.86219017094014,0.8956952967978453,Northeast
3rd_imdc_ceri_returnoftheforecast,23,2,230.13,125.9489075854701,1.8271694801626734,Northeast
3rd_imdc_ceri_returnoftheforecast,23,3,161.34999999999997,191.48,0.842646751618968,Northeast
3rd_imdc_ceri_returnoftheforecast,23,4,179.10999999999999,101.86,1.7583938739446296,Northeast
3rd_imdc_ceri_returnoftheforecast,24,1,86.31,109.64313568376066,0.7871901826024066,Northeast
3rd_imdc_ceri_returnoftheforecast,24,2,112.03,99.9653472222222,1.1206883496433835,Northeast
3rd_imdc_ceri_returnoftheforecast,24,3,87.07,82.79999999999998,1.0515700483091788,Northeast
3rd_imdc_ceri_returnoftheforecast,24,4,145.81,77.37,1.8845805867907457,Northeast
3rd_imdc_ceri_returnoftheforecast,25,1,52.8,81.90579594017093,0.644643024268617,Northeast
3rd_imdc_ceri_returnoftheforecast,25,2,77.44,78.4289503205128,0.9873904939888741,Northeast
3rd_imdc_ceri_returnoftheforecast,25,3,56.07,67.79,0.8271131435314942,Northeast
3rd_imdc_ceri_returnoftheforecast,25,4,94.34,60.29,1.5647702769945266,Northeast
3rd_imdc_ceri_returnoftheforecast,26,1,120.96000000000001,194.26540331196577,0.6226533285793224,Northeast
3rd_imdc_ceri_returnoftheforecast,26,2,162.95,137.06076388888886,1.1888887481474915,Northeast
3rd_imdc_ceri_returnoftheforecast,26,3,122.36,113.78999999999999,1.0753141752350823,Northeast
3rd_imdc_ceri_returnoftheforecast,26,4,187.81,103.51000000000002,1.8144140662737898,Northeast
3rd_imdc_ceri_returnoftheforecast,27,1,73.53,63.17461805555554,1.1639168112633143,Northeast
3rd_imdc_ceri_returnoftheforecast,27,2,125.98,98.23614316239316,1.2824200538058967,Northeast
3rd_imdc_ceri_returnoftheforecast,27,3,58.62,60.480000000000004,0.9692460317460316,Northeast
3rd_imdc_ceri_returnoftheforecast,27,4,98.64,45.78,2.1546526867627787,Northeast
3rd_imdc_ceri_returnoftheforecast,28,1,13.46,22.78627136752136,0.5907065611087801,Northeast
3rd_imdc_ceri_returnoftheforecast,28,2,16.23,22.27611912393161,0.7285829236998395,Northeast
3rd_imdc_ceri_returnoftheforecast,28,3,14.0,15.27,0.91683038637852,Northeast
3rd_imdc_ceri_returnoftheforecast,28,4,31.73,11.32,2.8030035335689045,Northeast
3rd_imdc_ceri_returnoftheforecast,29,1,336.9,183.18042467948715,1.8391703184959731,Northeast
3rd_imdc_ceri_returnoftheforecast,29,2,1562.93,3104.0630341880337,0.503511037883557,Northeast
3rd_imdc_ceri_returnoftheforecast,29,3,274.61,236.23,1.1624687804258562,Northeast
3rd_imdc_ceri_returnoftheforecast,29,4,389.28000000000003,302.3868506006006,1.2873575660674803,Northeast
3rd_imdc_ceri_returnoftheforecast,31,1,1939.56,2416.086233974359,0.8027693601024771,Southeast
3rd_imdc_ceri_returnoftheforecast,31,2,20142.17,25866.006260683767,0.778712020595774,Southeast
3rd_imdc_ceri_returnoftheforecast,31,3,1537.5499999999997,1133.0,1.3570609002647835,Southeast
3rd_imdc_ceri_returnoftheforecast,31,4,1568.54,2086.45,0.7517745452802608,Southeast
3rd_imdc_ceri_returnoftheforecast,33,1,366.84000000000003,234.75418002136752,1.5626558810011815,Southeast
3rd_imdc_ceri_returnoftheforecast,33,2,3272.51,4730.010045405984,0.6918611099311346,Southeast
3rd_imdc_ceri_returnoftheforecast,33,3,211.94,236.55,0.8959627985626717,Southeast
3rd_imdc_ceri_returnoftheforecast,33,4,504.32,249.32,2.022781966950104,Southeast
3rd_imdc_ceri_returnoftheforecast,35,1,1384.3300000000002,1338.2324572649572,1.0344465884718232,Southeast
3rd_imdc_ceri_returnoftheforecast,35,2,25160.049999999996,28666.995940170957,0.8776660816679194,Southeast
3rd_imdc_ceri_returnoftheforecast,35,3,5436.72,5586.86,0.9731262283286141,Southeast
3rd_imdc_ceri_returnoftheforecast,35,4,2236.84,4850.28,0.4611774990309838,Southeast
3rd_imdc_ceri_returnoftheforecast,41,1,1268.22,1437.424925213675,0.8822860782182955,South
3rd_imdc_ceri_returnoftheforecast,41,2,7563.67,6683.275253739316,1.1317310319918517,South
3rd_imdc_ceri_returnoftheforecast,41,3,636.26,728.92,0.8728804258354826,South
3rd_imdc_ceri_returnoftheforecast,41,4,579.49,1311.3,0.4419202318310074,South
3rd_imdc_ceri_returnoftheforecast,42,1,1726.3600000000001,1760.920769230769,0.9803734672026917,South
3rd_imdc_ceri_returnoftheforecast,42,2,3768.44,4318.642099358976,0.8725983569139374,South
3rd_imdc_ceri_returnoftheforecast,42,3,236.27,548.67,0.43062314323728296,South
3rd_imdc_ceri_returnoftheforecast,42,4,322.3,594.26,0.5423551980614546,South
3rd_imdc_ceri_returnoftheforecast,43,1,460.63,370.2973637820513,1.2439462039246827,South
3rd_imdc_ceri_returnoftheforecast,43,2,3056.75,3349.2164823717967,0.9126761486123219,South
3rd_imdc_ceri_returnoftheforecast,43,3,577.4,634.4599999999999,0.9100652523405731,South
3rd_imdc_ceri_returnoftheforecast,43,4,278.29,286.01,0.9730079367854272,South
3rd_imdc_ceri_returnoftheforecast,50,1,249.71,257.81926014957264,0.9685467247680872,Midwest
3rd_imdc_ceri_returnoftheforecast,50,2,341.72,155.00426816239312,2.204584454680891,Midwest
3rd_imdc_ceri_returnoftheforecast,50,3,182.3,147.63,1.2348438664228139,Midwest
3rd_imdc_ceri_returnoftheforecast,50,4,312.43,220.94,1.4140943242509278,Midwest
3rd_imdc_ceri_returnoftheforecast,51,1,127.44,102.4777911324786,1.2435865233985322,Midwest
3rd_imdc_ceri_returnoftheforecast,51,2,141.98,202.04812232905985,0.7027038824383053,Midwest
3rd_imdc_ceri_returnoftheforecast,51,3,168.37,135.48,1.2427664599940953,Midwest
3rd_imdc_ceri_returnoftheforecast,51,4,198.94999999999996,122.88,1.6190592447916663,Midwest
3rd_imdc_ceri_returnoftheforecast,52,1,512.04,312.7443643162392,1.6372477282507896,Midwest
3rd_imdc_ceri_returnoftheforecast,52,2,2705.44,4133.947003205129,0.6544447710390144,Midwest
3rd_imdc_ceri_returnoftheforecast,52,3,536.6,267.54,2.0056813934364954,Midwest
3rd_imdc_ceri_returnoftheforecast,52,4,635.7000000000002,293.55,2.1655595298926933,Midwest
3rd_imdc_ceri_returnoftheforecast,53,1,310.27,186.2505128205128,1.6658746078138489,Midwest
3rd_imdc_ceri_returnoftheforecast,53,2,3897.26,4186.771407585471,0.9308509160397574,Midwest
3rd_imdc_ceri_returnoftheforecast,53,3,205.62,296.11,0.6944041065820135,Midwest
3rd_imdc_ceri_returnoftheforecast,53,4,500.05,284.16,1.759748029279279,Midwest
3rd_imdc_cornell_bentolab,11,1,76.96,101.89453525641024,0.7552907504444248,North
3rd_imdc_cornell_bentolab,11,2,29.720000000000002,31.277812499999985,0.9501943270489269,North
3rd_imdc_cornell_bentolab,11,3,25.63,24.740000000000002,1.0359741309620047,North
3rd_imdc_cornell_bentolab,11,4,30.22,26.55,1.1382297551789076,North
3rd_imdc_cornell_bentolab,12,1,46.480000000000004,30.96498397435897,1.501050348951851,North
3rd_imdc_cornell_bentolab,12,2,56.53,58.973378739316246,0.9585681066347433,North
3rd_imdc_cornell_bentolab,12,3,47.97,47.43,1.0113851992409868,North
3rd_imdc_cornell_bentolab,12,4,59.65,40.95000000000001,1.4566544566544564,North
3rd_imdc_cornell_bentolab,13,1,45.53,22.90296207264957,1.9879524690114803,North
3rd_imdc_cornell_bentolab,13,2,45.66,57.59958066239316,0.7927141044242266,North
3rd_imdc_cornell_bentolab,13,3,35.87,18.51,1.9378714208535923,North
3rd_imdc_cornell_bentolab,13,4,57.75,32.42,1.7813078346699567,North
3rd_imdc_cornell_bentolab,14,1,6.33,2.173453525641025,2.912415621186595,North
3rd_imdc_cornell_bentolab,14,2,5.52,4.4362873931623925,1.2442836793008323,North
3rd_imdc_cornell_bentolab,14,3,5.069999999999999,2.69,1.8847583643122674,North
3rd_imdc_cornell_bentolab,14,4,5.18,5.0600000000000005,1.0237154150197627,North
3rd_imdc_cornell_bentolab,15,1,26.09,18.409249465811964,1.4172223614250026,North
3rd_imdc_cornell_bentolab,15,2,166.92000000000002,197.2042361111112,0.8464321218026571,North
3rd_imdc_cornell_bentolab,15,3,74.22,92.14,0.8055133492511396,North
3rd_imdc_cornell_bentolab,15,4,45.56,39.14,1.1640265712825755,North
3rd_imdc_cornell_bentolab,16,1,8.04,8.522823183760684,0.943349383959924,North
3rd_imdc_cornell_bentolab,16,2,154.7,180.8090598290599,0.8555987191474593,North
3rd_imdc_cornell_bentolab,16,3,13.52,17.47,0.77389811104751,North
3rd_imdc_cornell_bentolab,16,4,9.66,7.9399999999999995,1.2166246851385392,North
3rd_imdc_cornell_bentolab,17,1,29.52,32.95020566239315,0.8958972912782718,North
3rd_imdc_cornell_bentolab,17,2,27.92,29.62533653846153,0.9424365513536851,North
3rd_imdc_cornell_bentolab,17,3,34.94,32.61,1.0714504753143208,North
3rd_imdc_cornell_bentolab,17,4,212.04,187.15,1.132994923857868,North
3rd_imdc_cornell_bentolab,21,1,22.259999999999998,24.062783119658125,0.925080024588455,Northeast
3rd_imdc_cornell_bentolab,21,2,60.24,58.10072382478632,1.0368201294989898,Northeast
3rd_imdc_cornell_bentolab,21,3,22.4,22.990000000000002,0.9743366681165723,Northeast
3rd_imdc_cornell_bentolab,21,4,76.6,67.28,1.1385255648038048,Northeast
3rd_imdc_cornell_bentolab,22,1,26.07,28.55163461538461,0.9130825730710557,Northeast
3rd_imdc_cornell_bentolab,22,2,72.8,79.68833867521366,0.91355901265192,Northeast
3rd_imdc_cornell_bentolab,22,3,29.36,26.300000000000004,1.1163498098859315,Northeast
3rd_imdc_cornell_bentolab,22,4,85.7,94.01000000000002,0.9116051483884692,Northeast
3rd_imdc_cornell_bentolab,23,1,126.93,119.86219017094014,1.0589661328478996,Northeast
3rd_imdc_cornell_bentolab,23,2,134.49,125.9489075854701,1.0678139459743534,Northeast
3rd_imdc_cornell_bentolab,23,3,183.45,191.48,0.9580635053269271,Northeast
3rd_imdc_cornell_bentolab,23,4,141.86,101.86,1.3926958570587082,Northeast
3rd_imdc_cornell_bentolab,24,1,90.11999999999999,109.64313568376066,0.8219392799922243,Northeast
3rd_imdc_cornell_bentolab,24,2,80.34,99.9653472222222,0.8036784969235868,Northeast
3rd_imdc_cornell_bentolab,24,3,78.51,82.79999999999998,0.9481884057971017,Northeast
3rd_imdc_cornell_bentolab,24,4,83.47,77.37,1.0788419283960191,Northeast
3rd_imdc_cornell_bentolab,25,1,51.16,81.90579594017093,0.6246200212420917,Northeast
3rd_imdc_cornell_bentolab,25,2,63.47,78.4289503205128,0.8092674929425857,Northeast
3rd_imdc_cornell_bentolab,25,3,50.7,67.79,0.7478979200472046,Northeast
3rd_imdc_cornell_bentolab,25,4,53.74,60.29,0.8913584342345331,Northeast
3rd_imdc_cornell_bentolab,26,1,141.85,194.26540331196577,0.7301866291251395,Northeast
3rd_imdc_cornell_bentolab,26,2,112.02,137.06076388888886,0.8173017340747591,Northeast
3rd_imdc_cornell_bentolab,26,3,117.43,113.78999999999999,1.0319887512083665,Northeast
3rd_imdc_cornell_bentolab,26,4,115.52,103.51000000000002,1.116027436962612,Northeast
3rd_imdc_cornell_bentolab,27,1,69.83,63.17461805555554,1.1053489858631473,Northeast
3rd_imdc_cornell_bentolab,27,2,75.71,98.23614316239316,0.7706939377174505,Northeast
3rd_imdc_cornell_bentolab,27,3,65.9,60.480000000000004,1.089616402116402,Northeast
3rd_imdc_cornell_bentolab,27,4,61.089999999999996,45.78,1.3344255133245957,Northeast
3rd_imdc_cornell_bentolab,28,1,13.900000000000002,22.78627136752136,0.6100164338344758,Northeast
3rd_imdc_cornell_bentolab,28,2,14.27,22.27611912393161,0.6405963229326377,Northeast
3rd_imdc_cornell_bentolab,28,3,12.92,15.27,0.8461034708578913,Northeast
3rd_imdc_cornell_bentolab,28,4,10.36,11.32,0.9151943462897526,Northeast
3rd_imdc_cornell_bentolab,29,1,168.94,183.18042467948715,0.9222601175622134,Northeast
3rd_imdc_cornell_bentolab,29,2,3182.58,3104.0630341880337,1.0252949005697318,Northeast
3rd_imdc_cornell_bentolab,29,3,192.25,236.23,0.8138255090378022,Northeast
3rd_imdc_cornell_bentolab,29,4,255.85,302.3868506006006,0.8461016062432306,Northeast
3rd_imdc_cornell_bentolab,31,1,1982.79,2416.086233974359,0.8206619333857115,Southeast
3rd_imdc_cornell_bentolab,31,2,25981.950000000004,25866.006260683767,1.0044824754988353,Southeast
3rd_imdc_cornell_bentolab,31,3,1240.58,1133.0,1.0949514563106795,Southeast
3rd_imdc_cornell_bentolab,31,4,1650.99,2086.45,0.7912914280236767,Southeast
3rd_imdc_cornell_bentolab,32,1,1210.31,,,Southeast
3rd_imdc_cornell_bentolab,32,2,1439.38,1164.8850293803416,1.2356412553139906,Southeast
3rd_imdc_cornell_bentolab,32,3,411.99,418.56,0.9843033256880734,Southeast
3rd_imdc_cornell_bentolab,32,4,234.78,343.26,0.6839713336829226,Southeast
3rd_imdc_cornell_bentolab,33,1,274.68,234.75418002136752,1.1700750119763508,Southeast
3rd_imdc_cornell_bentolab,33,2,3535.44,4730.010045405984,0.747448729719674,Southeast
3rd_imdc_cornell_bentolab,33,3,326.65999999999997,236.55,1.3809342633692663,Southeast
3rd_imdc_cornell_bentolab,33,4,475.93,249.32,1.9089122412963262,Southeast
3rd_imdc_cornell_bentolab,35,1,1390.6,1338.2324572649572,1.0391318731291797,Southeast
3rd_imdc_cornell_bentolab,35,2,32085.16,28666.995940170957,1.1192369115676744,Southeast
3rd_imdc_cornell_bentolab,35,3,7264.29,5586.86,1.3002455762270757,Southeast
3rd_imdc_cornell_bentolab,35,4,2507.5,4850.28,0.5169804629835804,Southeast
3rd_imdc_cornell_bentolab,41,1,2012.74,1437.424925213675,1.4002400853740615,South
3rd_imdc_cornell_bentolab,41,2,9487.01,6683.275253739316,1.4195150790313453,South
3rd_imdc_cornell_bentolab,41,3,591.91,728.92,0.8120369862261977,South
3rd_imdc_cornell_bentolab,41,4,690.72,1311.3,0.5267444520704645,South
3rd_imdc_cornell_bentolab,42,1,2266.13,1760.920769230769,1.2869006031372574,South
3rd_imdc_cornell_bentolab,42,2,5818.74,4318.642099358976,1.3473540678130485,South
3rd_imdc_cornell_bentolab,42,3,264.87,548.67,0.48274919350429224,South
3rd_imdc_cornell_bentolab,42,4,257.69,594.26,0.433631743681217,South
3rd_imdc_cornell_bentolab,43,1,412.94,370.2973637820513,1.1151578174427599,South
3rd_imdc_cornell_bentolab,43,2,3718.9700000000003,3349.2164823717967,1.1104000053667349,South
3rd_imdc_cornell_bentolab,43,3,755.53,634.4599999999999,1.1908236925889735,South
3rd_imdc_cornell_bentolab,43,4,221.35999999999999,286.01,0.7739589524841789,South
3rd_imdc_cornell_bentolab,50,1,269.24,257.81926014957264,1.0442974657665283,Midwest
3rd_imdc_cornell_bentolab,50,2,122.48,155.00426816239312,0.7901717897966625,Midwest
3rd_imdc_cornell_bentolab,50,3,124.93,147.63,0.8462372146582674,Midwest
3rd_imdc_cornell_bentolab,50,4,182.43,220.94,0.8256992848737215,Midwest
3rd_imdc_cornell_bentolab,51,1,104.91,102.4777911324786,1.0237340094926242,Midwest
3rd_imdc_cornell_bentolab,51,2,229.40000000000003,202.04812232905985,1.1353730851623276,Midwest
3rd_imdc_cornell_bentolab,51,3,135.36,135.48,0.9991142604074403,Midwest
3rd_imdc_cornell_bentolab,51,4,99.82000000000001,122.88,0.8123372395833334,Midwest
3rd_imdc_cornell_bentolab,52,1,310.94,312.7443643162392,0.9942305457040476,Midwest
3rd_imdc_cornell_bentolab,52,2,3801.0,4133.947003205129,0.919460263291477,Midwest
3rd_imdc_cornell_bentolab,52,3,394.63,267.54,1.4750317709501382,Midwest
3rd_imdc_cornell_bentolab,52,4,459.93,293.55,1.5667858967807868,Midwest
3rd_imdc_cornell_bentolab,53,1,220.73,186.2505128205128,1.1851242536589128,Midwest
3rd_imdc_cornell_bentolab,53,2,4804.7,4186.771407585471,1.1475907166307153,Midwest
3rd_imdc_cornell_bentolab,53,3,179.34999999999997,296.11,0.6056870757488769,Midwest
3rd_imdc_cornell_bentolab,53,4,227.68,284.16,0.8012387387387387,Midwest
3rd_imdc_emap_epidematicos_prophet,11,1,96.47544382538678,101.89453525641024,0.9468166627642326,North
3rd_imdc_emap_epidematicos_prophet,11,2,33.01114495848461,31.277812499999985,1.0554173172591472,North
3rd_imdc_emap_epidematicos_prophet,11,3,24.85,24.740000000000002,1.0044462409054162,North
3rd_imdc_emap_epidematicos_prophet,11,4,18.6,26.55,0.7005649717514124,North
3rd_imdc_emap_epidematicos_prophet,12,1,39.6794249483314,30.96498397435897,1.281428886938503,North
3rd_imdc_emap_epidematicos_prophet,12,2,54.85367815891898,58.973378739316246,0.9301430464310373,North
3rd_imdc_emap_epidematicos_prophet,12,3,63.89,47.43,1.3470377398271136,North
3rd_imdc_emap_epidematicos_prophet,12,4,38.39,40.95000000000001,0.9374847374847373,North
3rd_imdc_emap_epidematicos_prophet,13,1,46.6373864665912,22.90296207264957,2.0363037024929183,North
3rd_imdc_emap_epidematicos_prophet,13,2,60.058696150730285,57.59958066239316,1.0426932880423327,North
3rd_imdc_emap_epidematicos_prophet,13,3,38.42,18.51,2.075634792004322,North
3rd_imdc_emap_epidematicos_prophet,13,4,61.65,32.42,1.9016039481801357,North
3rd_imdc_emap_epidematicos_prophet,14,1,2.792192690257467,2.173453525641025,1.284680190911354,North
3rd_imdc_emap_epidematicos_prophet,14,2,6.961265327637814,4.4362873931623925,1.5691646439243647,North
3rd_imdc_emap_epidematicos_prophet,14,3,2.21,2.69,0.8215613382899628,North
3rd_imdc_emap_epidematicos_prophet,14,4,3.84,5.0600000000000005,0.758893280632411,North
3rd_imdc_emap_epidematicos_prophet,15,1,24.692119689056987,18.409249465811964,1.3412887763248043,North
3rd_imdc_emap_epidematicos_prophet,15,2,189.9441537083869,197.2042361111112,0.9631849571495323,North
3rd_imdc_emap_epidematicos_prophet,15,3,73.63,92.14,0.7991100499240286,North
3rd_imdc_emap_epidematicos_prophet,15,4,56.64,39.14,1.4471129279509454,North
3rd_imdc_emap_epidematicos_prophet,16,1,7.879089871016466,8.522823183760684,0.9244694746254055,North
3rd_imdc_emap_epidematicos_prophet,16,2,163.41150435577345,180.8090598290599,0.9037794041419472,North
3rd_imdc_emap_epidematicos_prophet,16,3,14.83,17.47,0.8488838008013738,North
3rd_imdc_emap_epidematicos_prophet,16,4,11.39,7.9399999999999995,1.434508816120907,North
3rd_imdc_emap_epidematicos_prophet,17,1,27.31104905174609,32.95020566239315,0.8288582272163731,North
3rd_imdc_emap_epidematicos_prophet,17,2,28.116656701481524,29.62533653846153,0.9490746768388154,North
3rd_imdc_emap_epidematicos_prophet,17,3,30.23,32.61,0.9270162526832261,North
3rd_imdc_emap_epidematicos_prophet,17,4,240.57,187.15,1.2854394870424792,North
3rd_imdc_emap_epidematicos_prophet,21,1,22.214159037378906,24.062783119658125,0.9231749680373015,Northeast
3rd_imdc_emap_epidematicos_prophet,21,2,72.14932429749103,58.10072382478632,1.2417973399965019,Northeast
3rd_imdc_emap_epidematicos_prophet,21,3,21.69,22.990000000000002,0.9434536755110917,Northeast
3rd_imdc_emap_epidematicos_prophet,21,4,78.32000000000001,67.28,1.164090368608799,Northeast
3rd_imdc_emap_epidematicos_prophet,22,1,32.45565599430433,28.55163461538461,1.1367354770229547,Northeast
3rd_imdc_emap_epidematicos_prophet,22,2,76.07214076961125,79.68833867521366,0.9546207391731308,Northeast
3rd_imdc_emap_epidematicos_prophet,22,3,33.29,26.300000000000004,1.2657794676806082,Northeast
3rd_imdc_emap_epidematicos_prophet,22,4,92.84999999999998,94.01000000000002,0.9876608871396656,Northeast
3rd_imdc_emap_epidematicos_prophet,23,1,118.31832896165112,119.86219017094014,0.9871196979874366,Northeast
3rd_imdc_emap_epidematicos_prophet,23,2,111.57660426421982,125.9489075854701,0.8858878286697557,Northeast
3rd_imdc_emap_epidematicos_prophet,23,3,174.69,191.48,0.9123146020472113,Northeast
3rd_imdc_emap_epidematicos_prophet,23,4,131.8,101.86,1.2939328490084432,Northeast
3rd_imdc_emap_epidematicos_prophet,24,1,107.21229966403772,109.64313568376066,0.977829564937525,Northeast
3rd_imdc_emap_epidematicos_prophet,24,2,85.8309091298159,99.9653472222222,0.8586066223429849,Northeast
3rd_imdc_emap_epidematicos_prophet,24,3,63.10000000000001,82.79999999999998,0.7620772946859906,Northeast
3rd_imdc_emap_epidematicos_prophet,24,4,81.86,77.37,1.0580328292619878,Northeast
3rd_imdc_emap_epidematicos_prophet,25,1,50.54878304128916,81.90579594017093,0.6171575828188414,Northeast
3rd_imdc_emap_epidematicos_prophet,25,2,74.54405171981271,78.4289503205128,0.9504660130624749,Northeast
3rd_imdc_emap_epidematicos_prophet,25,3,47.37,67.79,0.6987756306239857,Northeast
3rd_imdc_emap_epidematicos_prophet,25,4,50.63000000000001,60.29,0.8397744236191742,Northeast
3rd_imdc_emap_epidematicos_prophet,26,1,173.69592289018243,194.26540331196577,0.8941166050614203,Northeast
3rd_imdc_emap_epidematicos_prophet,26,2,126.56968594874456,137.06076388888886,0.9234567381468186,Northeast
3rd_imdc_emap_epidematicos_prophet,26,3,107.11999999999999,113.78999999999999,0.9413832498462079,Northeast
3rd_imdc_emap_epidematicos_prophet,26,4,113.73,103.51000000000002,1.0987344217949955,Northeast
3rd_imdc_emap_epidematicos_prophet,27,1,98.04778910356724,63.17461805555554,1.5520123765108378,Northeast
3rd_imdc_emap_epidematicos_prophet,27,2,97.29298564687664,98.23614316239316,0.990399078331512,Northeast
3rd_imdc_emap_epidematicos_prophet,27,3,47.59,60.480000000000004,0.7868716931216931,Northeast
3rd_imdc_emap_epidematicos_prophet,27,4,48.839999999999996,45.78,1.0668414154652686,Northeast
3rd_imdc_emap_epidematicos_prophet,28,1,16.769960661761527,22.78627136752136,0.7359677408944036,Northeast
3rd_imdc_emap_epidematicos_prophet,28,2,16.048388977463258,22.27611912393161,0.7204302009779703,Northeast
3rd_imdc_emap_epidematicos_prophet,28,3,10.05,15.27,0.6581532416502948,Northeast
3rd_imdc_emap_epidematicos_prophet,28,4,9.31,11.32,0.8224381625441697,Northeast
3rd_imdc_emap_epidematicos_prophet,29,1,190.4517879525479,183.18042467948715,1.0396950890674237,Northeast
3rd_imdc_emap_epidematicos_prophet,29,2,2894.028658564306,3104.0630341880337,0.9323356602909101,Northeast
3rd_imdc_emap_epidematicos_prophet,29,3,212.23,236.23,0.8984040977013927,Northeast
3rd_imdc_emap_epidematicos_prophet,29,4,186.22999999999996,302.3868506006006,0.6158667271083714,Northeast
3rd_imdc_emap_epidematicos_prophet,31,1,2565.375161867668,2416.086233974359,1.0617895693431998,Southeast
3rd_imdc_emap_epidematicos_prophet,31,2,27068.84029926861,25866.006260683767,1.0465025031874806,Southeast
3rd_imdc_emap_epidematicos_prophet,31,3,1144.59,1133.0,1.0102294792586053,Southeast
3rd_imdc_emap_epidematicos_prophet,31,4,1102.95,2086.45,0.5286251767356036,Southeast
3rd_imdc_emap_epidematicos_prophet,33,1,193.45865460262686,234.75418002136752,0.8240903509578321,Southeast
3rd_imdc_emap_epidematicos_prophet,33,2,3045.819289906851,4730.010045405984,0.6439350573610513,Southeast
3rd_imdc_emap_epidematicos_prophet,33,3,643.09,236.55,2.71862185584443,Southeast
3rd_imdc_emap_epidematicos_prophet,33,4,400.24,249.32,1.6053264880474893,Southeast
3rd_imdc_emap_epidematicos_prophet,35,1,1739.0791942678366,1338.2324572649572,1.2995344604196186,Southeast
3rd_imdc_emap_epidematicos_prophet,35,2,25309.06071474726,28666.995940170957,0.8828640701512,Southeast
3rd_imdc_emap_epidematicos_prophet,35,3,6409.820000000001,5586.86,1.1473027783048082,Southeast
3rd_imdc_emap_epidematicos_prophet,35,4,2510.29,4850.28,0.5175556875067007,Southeast
3rd_imdc_emap_epidematicos_prophet,41,1,980.1996083260948,1437.424925213675,0.6819136019784734,South
3rd_imdc_emap_epidematicos_prophet,41,2,5061.413701747955,6683.275253739316,0.7573253396852204,South
3rd_imdc_emap_epidematicos_prophet,41,3,1098.83,728.92,1.5074768150139932,South
3rd_imdc_emap_epidematicos_prophet,41,4,513.65,1311.3,0.3917105162815527,South
3rd_imdc_emap_epidematicos_prophet,42,1,835.0368726937174,1760.920769230769,0.47420468159875834,South
3rd_imdc_emap_epidematicos_prophet,42,2,2335.045180853373,4318.642099358976,0.5406896721541171,South
3rd_imdc_emap_epidematicos_prophet,42,3,3769.74,548.67,6.870687298376073,South
3rd_imdc_emap_epidematicos_prophet,42,4,94.11,594.26,0.1583650254097533,South
3rd_imdc_emap_epidematicos_prophet,43,1,323.8275862947788,370.2973637820513,0.8745068638549003,South
3rd_imdc_emap_epidematicos_prophet,43,2,1782.3813895375797,3349.2164823717967,0.5321786151832623,South
3rd_imdc_emap_epidematicos_prophet,43,3,969.62,634.4599999999999,1.5282602528134164,South
3rd_imdc_emap_epidematicos_prophet,43,4,103.12,286.01,0.3605468340267823,South
3rd_imdc_emap_epidematicos_prophet,50,1,281.095869596148,257.81926014957264,1.09028266326213,Midwest
3rd_imdc_emap_epidematicos_prophet,50,2,168.06612579174737,155.00426816239312,1.0842677287806666,Midwest
3rd_imdc_emap_epidematicos_prophet,50,3,65.71,147.63,0.4450992345729188,Midwest
3rd_imdc_emap_epidematicos_prophet,50,4,98.66,220.94,0.44654657373042456,Midwest
3rd_imdc_emap_epidematicos_prophet,51,1,75.65120608050123,102.4777911324786,0.7382204987488734,Midwest
3rd_imdc_emap_epidematicos_prophet,51,2,211.34643126311428,202.04812232905985,1.046020268967959,Midwest
3rd_imdc_emap_epidematicos_prophet,51,3,200.47,135.48,1.4797018010038383,Midwest
3rd_imdc_emap_epidematicos_prophet,51,4,75.45,122.88,0.614013671875,Midwest
3rd_imdc_emap_epidematicos_prophet,52,1,251.25747753589005,312.7443643162392,0.8033957001438555,Midwest
3rd_imdc_emap_epidematicos_prophet,52,2,3461.8138074253434,4133.947003205129,0.8374112693610568,Midwest
3rd_imdc_emap_epidematicos_prophet,52,3,505.01,267.54,1.887605591687224,Midwest
3rd_imdc_emap_epidematicos_prophet,52,4,520.13,293.55,1.7718616930676203,Midwest
3rd_imdc_emap_epidematicos_prophet,53,1,265.36581199947943,186.2505128205128,1.424778960234107,Midwest
3rd_imdc_emap_epidematicos_prophet,53,2,4199.0059062602,4186.771407585471,1.0029221797618477,Midwest
3rd_imdc_emap_epidematicos_prophet,53,3,643.52,296.11,2.17324642869204,Midwest
3rd_imdc_emap_epidematicos_prophet,53,4,137.51,284.16,0.4839175112612612,Midwest
3rd_imdc_emap_epidematicos_sarimax_state,11,1,75.52,101.89453525641024,0.7411584910805998,North
3rd_imdc_emap_epidematicos_sarimax_state,11,2,37.39,31.277812499999985,1.1954160796890774,North
3rd_imdc_emap_epidematicos_sarimax_state,11,3,13.01,24.740000000000002,0.5258690379951495,North
3rd_imdc_emap_epidematicos_sarimax_state,11,4,19.990000000000002,26.55,0.752919020715631,North
3rd_imdc_emap_epidematicos_sarimax_state,12,1,29.43,30.96498397435897,0.9504283943557007,North
3rd_imdc_emap_epidematicos_sarimax_state,12,2,62.7,58.973378739316246,1.0631915847514313,North
3rd_imdc_emap_epidematicos_sarimax_state,12,3,46.76,47.43,0.9858739194602572,North
3rd_imdc_emap_epidematicos_sarimax_state,12,4,78.48999999999998,40.95000000000001,1.9167277167277157,North
3rd_imdc_emap_epidematicos_sarimax_state,13,1,28.800000000000004,22.90296207264957,1.2574792687795002,North
3rd_imdc_emap_epidematicos_sarimax_state,13,2,45.33,57.59958066239316,0.7869848960479675,North
3rd_imdc_emap_epidematicos_sarimax_state,13,3,22.990000000000002,18.51,1.2420313344138303,North
3rd_imdc_emap_epidematicos_sarimax_state,13,4,37.07,32.42,1.1434299814929056,North
3rd_imdc_emap_epidematicos_sarimax_state,14,1,2.19,2.173453525641025,1.0076129874247461,North
3rd_imdc_emap_epidematicos_sarimax_state,14,2,3.52,4.4362873931623925,0.7934562592642989,North
3rd_imdc_emap_epidematicos_sarimax_state,14,3,2.7199999999999998,2.69,1.0111524163568772,North
3rd_imdc_emap_epidematicos_sarimax_state,14,4,3.86,5.0600000000000005,0.7628458498023715,North
3rd_imdc_emap_epidematicos_sarimax_state,15,1,23.63,18.409249465811964,1.2835938827318056,North
3rd_imdc_emap_epidematicos_sarimax_state,15,2,170.52,197.2042361111112,0.864687307750953,North
3rd_imdc_emap_epidematicos_sarimax_state,15,3,59.83,92.14,0.6493379639678749,North
3rd_imdc_emap_epidematicos_sarimax_state,15,4,46.230000000000004,39.14,1.1811446090955544,North
3rd_imdc_emap_epidematicos_sarimax_state,16,1,6.46,8.522823183760684,0.7579648035299887,North
3rd_imdc_emap_epidematicos_sarimax_state,16,2,136.21,180.8090598290599,0.7533361443766998,North
3rd_imdc_emap_epidematicos_sarimax_state,16,3,16.27,17.47,0.931310818546079,North
3rd_imdc_emap_epidematicos_sarimax_state,16,4,10.970000000000002,7.9399999999999995,1.381612090680101,North
3rd_imdc_emap_epidematicos_sarimax_state,17,1,17.54,32.95020566239315,0.5323183769993526,North
3rd_imdc_emap_epidematicos_sarimax_state,17,2,18.37,29.62533653846153,0.6200773441392262,North
3rd_imdc_emap_epidematicos_sarimax_state,17,3,24.82,32.61,0.761116222017786,North
3rd_imdc_emap_epidematicos_sarimax_state,17,4,240.76,187.15,1.2864547154688752,North
3rd_imdc_emap_epidematicos_sarimax_state,21,1,22.29,24.062783119658125,0.9263267631660675,Northeast
3rd_imdc_emap_epidematicos_sarimax_state,21,2,90.44,58.10072382478632,1.556607113411166,Northeast
3rd_imdc_emap_epidematicos_sarimax_state,21,3,18.95,22.990000000000002,0.8242714223575467,Northeast
3rd_imdc_emap_epidematicos_sarimax_state,21,4,116.15000000000002,67.28,1.726367419738407,Northeast
3rd_imdc_emap_epidematicos_sarimax_state,22,1,31.52,28.55163461538461,1.1039648140851428,Northeast
3rd_imdc_emap_epidematicos_sarimax_state,22,2,116.36,79.68833867521366,1.4601885537387007,Northeast
3rd_imdc_emap_epidematicos_sarimax_state,22,3,37.29,26.300000000000004,1.41787072243346,Northeast
3rd_imdc_emap_epidematicos_sarimax_state,22,4,200.69,94.01000000000002,2.134772896500372,Northeast
3rd_imdc_emap_epidematicos_sarimax_state,23,1,69.47,119.86219017094014,0.5795822677770707,Northeast
3rd_imdc_emap_epidematicos_sarimax_state,23,2,103.95000000000002,125.9489075854701,0.8253346693734408,Northeast
3rd_imdc_emap_epidematicos_sarimax_state,23,3,83.84,191.48,0.43785251723417595,Northeast
3rd_imdc_emap_epidematicos_sarimax_state,23,4,102.91,101.86,1.0103082662477911,Northeast
3rd_imdc_emap_epidematicos_sarimax_state,24,1,64.5,109.64313568376066,0.5882721211662059,Northeast
3rd_imdc_emap_epidematicos_sarimax_state,24,2,118.88000000000001,99.9653472222222,1.1892120950245957,Northeast
3rd_imdc_emap_epidematicos_sarimax_state,24,3,38.84,82.79999999999998,0.46908212560386486,Northeast
3rd_imdc_emap_epidematicos_sarimax_state,24,4,36.4,77.37,0.47046658911722883,Northeast
3rd_imdc_emap_epidematicos_sarimax_state,25,1,29.94,81.90579594017093,0.36554189671595444,Northeast
3rd_imdc_emap_epidematicos_sarimax_state,25,2,64.84,78.4289503205128,0.8267355324152712,Northeast
3rd_imdc_emap_epidematicos_sarimax_state,25,3,32.09,67.79,0.4733736539312583,Northeast
3rd_imdc_emap_epidematicos_sarimax_state,25,4,31.169999999999998,60.29,0.5170011610549012,Northeast
3rd_imdc_emap_epidematicos_sarimax_state,26,1,80.57,194.26540331196577,0.41474188726550926,Northeast
3rd_imdc_emap_epidematicos_sarimax_state,26,2,114.5,137.06076388888886,0.8353958985141933,Northeast
3rd_imdc_emap_epidematicos_sarimax_state,26,3,71.39,113.78999999999999,0.6273837771333158,Northeast
3rd_imdc_emap_epidematicos_sarimax_state,26,4,113.26000000000002,103.51000000000002,1.0941937977007052,Northeast
3rd_imdc_emap_epidematicos_sarimax_state,27,1,34.74,63.17461805555554,0.5499043930815658,Northeast
3rd_imdc_emap_epidematicos_sarimax_state,27,2,91.21000000000001,98.23614316239316,0.928477005140783,Northeast
3rd_imdc_emap_epidematicos_sarimax_state,27,3,41.11,60.480000000000004,0.6797288359788359,Northeast
3rd_imdc_emap_epidematicos_sarimax_state,27,4,33.71,45.78,0.736347750109218,Northeast
3rd_imdc_emap_epidematicos_sarimax_state,28,1,14.01,22.78627136752136,0.6148439020158996,Northeast
3rd_imdc_emap_epidematicos_sarimax_state,28,2,14.5,22.27611912393161,0.6509212811859317,Northeast
3rd_imdc_emap_epidematicos_sarimax_state,28,3,8.67,15.27,0.5677799607072692,Northeast
3rd_imdc_emap_epidematicos_sarimax_state,28,4,7.51,11.32,0.6634275618374558,Northeast
3rd_imdc_emap_epidematicos_sarimax_state,29,1,216.7,183.18042467948715,1.1829866667203246,Northeast
3rd_imdc_emap_epidematicos_sarimax_state,29,2,2827.89,3104.0630341880337,0.9110285354561829,Northeast
3rd_imdc_emap_epidematicos_sarimax_state,29,3,192.48,236.23,0.8147991364348305,Northeast
3rd_imdc_emap_epidematicos_sarimax_state,29,4,171.02000000000004,302.3868506006006,0.565566920850957,Northeast
3rd_imdc_emap_epidematicos_sarimax_state,31,1,5157.67,2416.086233974359,2.1347209911112537,Southeast
3rd_imdc_emap_epidematicos_sarimax_state,31,2,24063.719999999998,25866.006260683767,0.9303222058125287,Southeast
3rd_imdc_emap_epidematicos_sarimax_state,31,3,1285.75,1133.0,1.134819064430715,Southeast
3rd_imdc_emap_epidematicos_sarimax_state,31,4,724.89,2086.45,0.3474274485369887,Southeast
3rd_imdc_emap_epidematicos_sarimax_state,33,1,259.67,234.75418002136752,1.1061357884079621,Southeast
3rd_imdc_emap_epidematicos_sarimax_state,33,2,3597.95,4730.010045405984,0.7606643464731124,Southeast
3rd_imdc_emap_epidematicos_sarimax_state,33,3,727.1800000000001,236.55,3.074106954132319,Southeast
3rd_imdc_emap_epidematicos_sarimax_state,33,4,74.74,249.32,0.2997753890582384,Southeast
3rd_imdc_emap_epidematicos_sarimax_state,35,1,3995.93,1338.2324572649572,2.985976000138849,Southeast
3rd_imdc_emap_epidematicos_sarimax_state,35,2,25445.030000000002,28666.995940170957,0.8876071302728995,Southeast
3rd_imdc_emap_epidematicos_sarimax_state,35,3,5929.0599999999995,5586.86,1.0612508636335973,Southeast
3rd_imdc_emap_epidematicos_sarimax_state,35,4,4147.02,4850.28,0.8550063089141247,Southeast
3rd_imdc_emap_epidematicos_sarimax_state,41,1,3384.83,1437.424925213675,2.3547873288038614,South
3rd_imdc_emap_epidematicos_sarimax_state,41,2,8462.75,6683.275253739316,1.2662578868444871,South
3rd_imdc_emap_epidematicos_sarimax_state,41,3,607.68,728.92,0.833671733523569,South
3rd_imdc_emap_epidematicos_sarimax_state,41,4,419.99,1311.3,0.32028521314725844,South
3rd_imdc_emap_epidematicos_sarimax_state,42,1,2122.18,1760.920769230769,1.2051535975278667,South
3rd_imdc_emap_epidematicos_sarimax_state,42,2,3285.0,4318.642099358976,0.7606557627193969,South
3rd_imdc_emap_epidematicos_sarimax_state,42,3,573.8,548.67,1.0458016658465015,South
3rd_imdc_emap_epidematicos_sarimax_state,42,4,99.23,594.26,0.16698078282233367,South
3rd_imdc_emap_epidematicos_sarimax_state,43,1,530.41,370.2973637820513,1.4323893494207736,South
3rd_imdc_emap_epidematicos_sarimax_state,43,2,3817.6500000000005,3349.2164823717967,1.1398636129058088,South
3rd_imdc_emap_epidematicos_sarimax_state,43,3,692.76,634.4599999999999,1.0918891655896354,South
3rd_imdc_emap_epidematicos_sarimax_state,43,4,147.52,286.01,0.5157861613230307,South
3rd_imdc_emap_epidematicos_sarimax_state,50,1,478.52000000000004,257.81926014957264,1.856028908477935,Midwest
3rd_imdc_emap_epidematicos_sarimax_state,50,2,103.93,155.00426816239312,0.6704976658521158,Midwest
3rd_imdc_emap_epidematicos_sarimax_state,50,3,70.4,147.63,0.476867845288898,Midwest
3rd_imdc_emap_epidematicos_sarimax_state,50,4,60.31,220.94,0.27297003711414863,Midwest
3rd_imdc_emap_epidematicos_sarimax_state,51,1,98.49,102.4777911324786,0.9610862891519258,Midwest
3rd_imdc_emap_epidematicos_sarimax_state,51,2,214.84999999999997,202.04812232905985,1.0633605376945334,Midwest
3rd_imdc_emap_epidematicos_sarimax_state,51,3,141.77,135.48,1.0464275169766757,Midwest
3rd_imdc_emap_epidematicos_sarimax_state,51,4,110.28999999999999,122.88,0.8975423177083333,Midwest
3rd_imdc_emap_epidematicos_sarimax_state,52,1,192.78,312.7443643162392,0.6164139853374487,Midwest
3rd_imdc_emap_epidematicos_sarimax_state,52,2,3457.3,4133.947003205129,0.8363193812885092,Midwest
3rd_imdc_emap_epidematicos_sarimax_state,52,3,295.91,267.54,1.1060402182851163,Midwest
3rd_imdc_emap_epidematicos_sarimax_state,52,4,463.51,293.55,1.578981434167944,Midwest
3rd_imdc_emap_epidematicos_sarimax_state,53,1,197.71,186.2505128205128,1.0615272785344252,Midwest
3rd_imdc_emap_epidematicos_sarimax_state,53,2,2908.73,4186.771407585471,0.694742969422703,Midwest
3rd_imdc_emap_epidematicos_sarimax_state,53,3,212.7,296.11,0.7183141400155347,Midwest
3rd_imdc_emap_epidematicos_sarimax_state,53,4,117.09999999999998,284.16,0.41209177927927915,Midwest
3rd_imdc_emap_lstm,11,1,123.59,101.89453525641024,1.2129207880382857,North
3rd_imdc_emap_lstm,11,2,41.21,31.277812499999985,1.3175473828292825,North
3rd_imdc_emap_lstm,11,3,16.49,24.740000000000002,0.6665319320937751,North
3rd_imdc_emap_lstm,11,4,62.64,26.55,2.359322033898305,North
3rd_imdc_emap_lstm,12,1,65.98,30.96498397435897,2.1307939333873307,North
3rd_imdc_emap_lstm,12,2,74.67,58.973378739316246,1.2661645236585226,North
3rd_imdc_emap_lstm,12,3,56.36,47.43,1.1882774615222433,North
3rd_imdc_emap_lstm,12,4,110.96000000000001,40.95000000000001,2.7096459096459093,North
3rd_imdc_emap_lstm,13,1,128.3,22.90296207264957,5.601895492514231,North
3rd_imdc_emap_lstm,13,2,127.23,57.59958066239316,2.2088702476104767,North
3rd_imdc_emap_lstm,13,3,204.16,18.51,11.02971366828741,North
3rd_imdc_emap_lstm,13,4,251.32999999999998,32.42,7.752313386798272,North
3rd_imdc_emap_lstm,14,1,3.7800000000000002,2.173453525641025,1.7391676221303838,North
3rd_imdc_emap_lstm,14,2,5.13,4.4362873931623925,1.1563723323937083,North
3rd_imdc_emap_lstm,14,3,8.9,2.69,3.308550185873606,North
3rd_imdc_emap_lstm,14,4,9.2,5.0600000000000005,1.818181818181818,North
3rd_imdc_emap_lstm,15,1,24.09,18.409249465811964,1.3085813218370377,North
3rd_imdc_emap_lstm,15,2,194.82,197.2042361111112,0.9879098129019509,North
3rd_imdc_emap_lstm,15,3,59.26,92.14,0.6431517256349034,North
3rd_imdc_emap_lstm,15,4,74.79,39.14,1.9108329075114974,North
3rd_imdc_emap_lstm,16,1,11.05,8.522823183760684,1.296518742880244,North
3rd_imdc_emap_lstm,16,2,161.05,180.8090598290599,0.8907186407155678,North
3rd_imdc_emap_lstm,16,3,13.59,17.47,0.7779049799656554,North
3rd_imdc_emap_lstm,16,4,42.660000000000004,7.9399999999999995,5.372795969773301,North
3rd_imdc_emap_lstm,17,1,24.33,32.95020566239315,0.7383868935230472,North
3rd_imdc_emap_lstm,17,2,25.550000000000004,29.62533653846153,0.8624374601392069,North
3rd_imdc_emap_lstm,17,3,28.84,32.61,0.8843912910150261,North
3rd_imdc_emap_lstm,17,4,182.06,187.15,0.9728025647876035,North
3rd_imdc_emap_lstm,21,1,123.47,24.062783119658125,5.131160405927068,Northeast
3rd_imdc_emap_lstm,21,2,188.48,58.10072382478632,3.2440215472770517,Northeast
3rd_imdc_emap_lstm,21,3,23.800000000000004,22.990000000000002,1.0352327098738583,Northeast
3rd_imdc_emap_lstm,21,4,96.0,67.28,1.426872770511296,Northeast
3rd_imdc_emap_lstm,22,1,49.019999999999996,28.55163461538461,1.716889441194597,Northeast
3rd_imdc_emap_lstm,22,2,90.35,79.68833867521366,1.133791988916222,Northeast
3rd_imdc_emap_lstm,22,3,39.3,26.300000000000004,1.4942965779467676,Northeast
3rd_imdc_emap_lstm,22,4,85.75,94.01000000000002,0.9121370067014145,Northeast
3rd_imdc_emap_lstm,23,1,234.03,119.86219017094014,1.9524922718852433,Northeast
3rd_imdc_emap_lstm,23,2,345.29,125.9489075854701,2.741508494352625,Northeast
3rd_imdc_emap_lstm,23,3,169.38,191.48,0.884583246292041,Northeast
3rd_imdc_emap_lstm,23,4,120.5,101.86,1.1829962693893579,Northeast
3rd_imdc_emap_lstm,24,1,205.44,109.64313568376066,1.873715109649385,Northeast
3rd_imdc_emap_lstm,24,2,315.81,99.9653472222222,3.1591947487358474,Northeast
3rd_imdc_emap_lstm,24,3,43.440000000000005,82.79999999999998,0.5246376811594204,Northeast
3rd_imdc_emap_lstm,24,4,100.95,77.37,1.3047692904226444,Northeast
3rd_imdc_emap_lstm,25,1,143.23,81.90579594017093,1.7487162948104924,Northeast
3rd_imdc_emap_lstm,25,2,186.98999999999998,78.4289503205128,2.384196132114922,Northeast
3rd_imdc_emap_lstm,25,3,33.73,67.79,0.4975660126862368,Northeast
3rd_imdc_emap_lstm,25,4,86.33,60.29,1.431912423287444,Northeast
3rd_imdc_emap_lstm,26,1,432.29,194.26540331196577,2.2252546909024082,Northeast
3rd_imdc_emap_lstm,26,2,447.81,137.06076388888886,3.267237007106034,Northeast
3rd_imdc_emap_lstm,26,3,93.36,113.78999999999999,0.8204587397838123,Northeast
3rd_imdc_emap_lstm,26,4,129.8,103.51000000000002,1.2539851222104144,Northeast
3rd_imdc_emap_lstm,27,1,100.98,63.17461805555554,1.5984267591645516,Northeast
3rd_imdc_emap_lstm,27,2,94.36,98.23614316239316,0.9605425962622988,Northeast
3rd_imdc_emap_lstm,27,3,42.99,60.480000000000004,0.7108134920634921,Northeast
3rd_imdc_emap_lstm,27,4,74.56,45.78,1.6286588029707296,Northeast
3rd_imdc_emap_lstm,28,1,24.37,22.78627136752136,1.0695036325572786,Northeast
3rd_imdc_emap_lstm,28,2,63.940000000000005,22.27611912393161,2.870338394415757,Northeast
3rd_imdc_emap_lstm,28,3,7.92,15.27,0.518664047151277,Northeast
3rd_imdc_emap_lstm,28,4,20.059999999999995,11.32,1.7720848056537097,Northeast
3rd_imdc_emap_lstm,29,1,237.7,183.18042467948715,1.2976277373300469,Northeast
3rd_imdc_emap_lstm,29,2,2693.8499999999995,3104.0630341880337,0.8678464226821545,Northeast
3rd_imdc_emap_lstm,29,3,105.91,236.23,0.4483342505185624,Northeast
3rd_imdc_emap_lstm,29,4,400.9599999999999,302.3868506006006,1.3259835842848766,Northeast
3rd_imdc_emap_lstm,31,1,1462.74,2416.086233974359,0.605417132646733,Southeast
3rd_imdc_emap_lstm,31,2,20934.44,25866.006260683767,0.809341797454842,Southeast
3rd_imdc_emap_lstm,31,3,620.12,1133.0,0.5473256840247132,Southeast
3rd_imdc_emap_lstm,31,4,2652.89,2086.45,1.2714850583527044,Southeast
3rd_imdc_emap_lstm,32,1,1777.98,,,Southeast
3rd_imdc_emap_lstm,32,2,1712.66,1164.8850293803416,1.4702395144618232,Southeast
3rd_imdc_emap_lstm,32,3,571.24,418.56,1.3647744648318043,Southeast
3rd_imdc_emap_lstm,32,4,364.31,343.26,1.0613237778943077,Southeast
3rd_imdc_emap_lstm,33,1,381.4,234.75418002136752,1.6246782057950349,Southeast
3rd_imdc_emap_lstm,33,2,2627.86,4730.010045405984,0.5555717587856511,Southeast
3rd_imdc_emap_lstm,33,3,129.71,236.55,0.5483407313464383,Southeast
3rd_imdc_emap_lstm,33,4,153.72,249.32,0.6165570351355688,Southeast
3rd_imdc_emap_lstm,35,1,2438.22,1338.2324572649572,1.821970455703314,Southeast
3rd_imdc_emap_lstm,35,2,26501.17,28666.995940170957,0.9244488001222342,Southeast
3rd_imdc_emap_lstm,35,3,5314.04,5586.86,0.9511675610271244,Southeast
3rd_imdc_emap_lstm,35,4,6793.609999999999,4850.28,1.4006634668513982,Southeast
3rd_imdc_emap_lstm,41,1,1495.72,1437.424925213675,1.040555213537611,South
3rd_imdc_emap_lstm,41,2,9083.83,6683.275253739316,1.3591883702407086,South
3rd_imdc_emap_lstm,41,3,722.31,728.92,0.9909317894967897,South
3rd_imdc_emap_lstm,41,4,1284.22,1311.3,0.9793487378936934,South
3rd_imdc_emap_lstm,42,1,1957.78,1760.920769230769,1.1117933493709804,South
3rd_imdc_emap_lstm,42,2,4577.23,4318.642099358976,1.0598771314435633,South
3rd_imdc_emap_lstm,42,3,565.54,548.67,1.0307470793008549,South
3rd_imdc_emap_lstm,42,4,830.76,594.26,1.3979739507959479,South
3rd_imdc_emap_lstm,43,1,225.71,370.2973637820513,0.6095371506151144,South
3rd_imdc_emap_lstm,43,2,3129.06,3349.2164823717967,0.9342662728639477,South
3rd_imdc_emap_lstm,43,3,484.03,634.4599999999999,0.7629007344828673,South
3rd_imdc_emap_lstm,43,4,610.76,286.01,2.135449809447222,South
3rd_imdc_emap_lstm,50,1,352.92,257.81926014957264,1.3688659248934898,Midwest
3rd_imdc_emap_lstm,50,2,813.64,155.00426816239312,5.249145779312185,Midwest
3rd_imdc_emap_lstm,50,3,205.06,147.63,1.3890130732235997,Midwest
3rd_imdc_emap_lstm,50,4,170.44,220.94,0.7714311577803928,Midwest
3rd_imdc_emap_lstm,51,1,65.67,102.4777911324786,0.6408217748868614,Midwest
3rd_imdc_emap_lstm,51,2,78.97,202.04812232905985,0.39084748271695285,Midwest
3rd_imdc_emap_lstm,51,3,92.93,135.48,0.6859315028048422,Midwest
3rd_imdc_emap_lstm,51,4,241.05000000000004,122.88,1.9616699218750004,Midwest
3rd_imdc_emap_lstm,52,1,475.55000000000007,312.7443643162392,1.5205709654903194,Midwest
3rd_imdc_emap_lstm,52,2,3427.39,4133.947003205129,0.8290841651677389,Midwest
3rd_imdc_emap_lstm,52,3,252.92000000000002,267.54,0.945353965762129,Midwest
3rd_imdc_emap_lstm,52,4,232.47999999999996,293.55,0.7919604837336057,Midwest
3rd_imdc_emap_lstm,53,1,149.49,186.2505128205128,0.8026286625264843,Midwest
3rd_imdc_emap_lstm,53,2,3733.7,4186.771407585471,0.8917850143992554,Midwest
3rd_imdc_emap_lstm,53,3,720.14,296.11,2.4320016210192157,Midwest
3rd_imdc_emap_lstm,53,4,136.58,284.16,0.4806447072072072,Midwest
3rd_imdc_emap_xgbsillas,11,1,107.0,101.89453525641024,1.0501053832842187,North
3rd_imdc_emap_xgbsillas,11,2,39.33,31.277812499999985,1.2574408776189197,North
3rd_imdc_emap_xgbsillas,11,3,26.449999999999996,24.740000000000002,1.06911883589329,North
3rd_imdc_emap_xgbsillas,11,4,57.839999999999996,26.55,2.1785310734463277,North
3rd_imdc_emap_xgbsillas,12,1,26.779999999999998,30.96498397435897,0.8648478559580586,North
3rd_imdc_emap_xgbsillas,12,2,60.96,58.973378739316246,1.0336867465143103,North
3rd_imdc_emap_xgbsillas,12,3,47.03,47.43,0.9915665190807507,North
3rd_imdc_emap_xgbsillas,12,4,57.769999999999996,40.95000000000001,1.4107448107448104,North
3rd_imdc_emap_xgbsillas,13,1,28.89,22.90296207264957,1.261408891494436,North
3rd_imdc_emap_xgbsillas,13,2,57.16,57.59958066239316,0.9923683357181077,North
3rd_imdc_emap_xgbsillas,13,3,28.240000000000002,18.51,1.5256618044300378,North
3rd_imdc_emap_xgbsillas,13,4,44.22,32.42,1.3639728562615667,North
3rd_imdc_emap_xgbsillas,14,1,3.96,2.173453525641025,1.8219851279461163,North
3rd_imdc_emap_xgbsillas,14,2,6.51,4.4362873931623925,1.4674432522189165,North
3rd_imdc_emap_xgbsillas,14,3,4.09,2.69,1.520446096654275,North
3rd_imdc_emap_xgbsillas,14,4,4.64,5.0600000000000005,0.9169960474308299,North
3rd_imdc_emap_xgbsillas,15,1,21.34,18.409249465811964,1.1591998924035858,North
3rd_imdc_emap_xgbsillas,15,2,101.70000000000002,197.2042361111112,0.5157090030393616,North
3rd_imdc_emap_xgbsillas,15,3,82.31,92.14,0.8933145213805079,North
3rd_imdc_emap_xgbsillas,15,4,55.56,39.14,1.41951967296883,North
3rd_imdc_emap_xgbsillas,16,1,7.78,8.522823183760684,0.912843060598036,North
3rd_imdc_emap_xgbsillas,16,2,116.20000000000002,180.8090598290599,0.6426669112148339,North
3rd_imdc_emap_xgbsillas,16,3,13.43,17.47,0.768746422438466,North
3rd_imdc_emap_xgbsillas,16,4,7.6899999999999995,7.9399999999999995,0.9685138539042821,North
3rd_imdc_emap_xgbsillas,17,1,35.42,32.95020566239315,1.0749553542370052,North
3rd_imdc_emap_xgbsillas,17,2,72.89,29.62533653846153,2.4603939909803048,North
3rd_imdc_emap_xgbsillas,17,3,61.37,32.61,1.8819380558111007,North
3rd_imdc_emap_xgbsillas,17,4,98.96000000000001,187.15,0.5287737109270639,North
3rd_imdc_emap_xgbsillas,21,1,22.06,24.062783119658125,0.9167684340710386,Northeast
3rd_imdc_emap_xgbsillas,21,2,66.2,58.10072382478632,1.139400607118744,Northeast
3rd_imdc_emap_xgbsillas,21,3,40.82,22.990000000000002,1.775554588951718,Northeast
3rd_imdc_emap_xgbsillas,21,4,66.98,67.28,0.9955410225921523,Northeast
3rd_imdc_emap_xgbsillas,22,1,26.91,28.55163461538461,0.9425029551723094,Northeast
3rd_imdc_emap_xgbsillas,22,2,77.43,79.68833867521366,0.9716603619455793,Northeast
3rd_imdc_emap_xgbsillas,22,3,40.55,26.300000000000004,1.5418250950570338,Northeast
3rd_imdc_emap_xgbsillas,22,4,67.81,94.01000000000002,0.7213062440165938,Northeast
3rd_imdc_emap_xgbsillas,23,1,134.49,119.86219017094014,1.1220385661917123,Northeast
3rd_imdc_emap_xgbsillas,23,2,316.07,125.9489075854701,2.509509657997724,Northeast
3rd_imdc_emap_xgbsillas,23,3,239.31,191.48,1.2497911008982663,Northeast
3rd_imdc_emap_xgbsillas,23,4,206.43,101.86,2.0266051443157274,Northeast
3rd_imdc_emap_xgbsillas,24,1,162.96,109.64313568376066,1.4862763544999211,Northeast
3rd_imdc_emap_xgbsillas,24,2,163.59,99.9653472222222,1.63646708130109,Northeast
3rd_imdc_emap_xgbsillas,24,3,122.16,82.79999999999998,1.47536231884058,Northeast
3rd_imdc_emap_xgbsillas,24,4,128.44,77.37,1.6600749644565076,Northeast
3rd_imdc_emap_xgbsillas,25,1,78.43,81.90579594017093,0.9575634922990082,Northeast
3rd_imdc_emap_xgbsillas,25,2,119.52,78.4289503205128,1.5239270640696052,Northeast
3rd_imdc_emap_xgbsillas,25,3,91.17,67.79,1.3448886266410973,Northeast
3rd_imdc_emap_xgbsillas,25,4,111.82000000000001,60.29,1.854702272350307,Northeast
3rd_imdc_emap_xgbsillas,26,1,100.82,194.26540331196577,0.5189807257553511,Northeast
3rd_imdc_emap_xgbsillas,26,2,172.59,137.06076388888886,1.2592225163717434,Northeast
3rd_imdc_emap_xgbsillas,26,3,126.5,113.78999999999999,1.111696985675367,Northeast
3rd_imdc_emap_xgbsillas,26,4,126.11,103.51000000000002,1.2183363926190705,Northeast
3rd_imdc_emap_xgbsillas,27,1,108.15,63.17461805555554,1.7119217073048747,Northeast
3rd_imdc_emap_xgbsillas,27,2,130.37,98.23614316239316,1.3271082903212792,Northeast
3rd_imdc_emap_xgbsillas,27,3,93.53,60.480000000000004,1.5464616402116402,Northeast
3rd_imdc_emap_xgbsillas,27,4,87.42999999999999,45.78,1.9097859327217124,Northeast
3rd_imdc_emap_xgbsillas,28,1,14.110000000000001,22.78627136752136,0.6192325094535577,Northeast
3rd_imdc_emap_xgbsillas,28,2,20.19,22.27611912393161,0.9063517701478595,Northeast
3rd_imdc_emap_xgbsillas,28,3,18.08,15.27,1.1840209561231172,Northeast
3rd_imdc_emap_xgbsillas,28,4,14.120000000000001,11.32,1.2473498233215548,Northeast
3rd_imdc_emap_xgbsillas,29,1,219.76000000000002,183.18042467948715,1.1996915084377415,Northeast
3rd_imdc_emap_xgbsillas,29,2,1582.27,3104.0630341880337,0.5097415814604722,Northeast
3rd_imdc_emap_xgbsillas,29,3,312.72,236.23,1.323794606950853,Northeast
3rd_imdc_emap_xgbsillas,29,4,406.53000000000003,302.3868506006006,1.3444036974245088,Northeast
3rd_imdc_emap_xgbsillas,31,1,2088.86,2416.086233974359,0.8645635121077258,Southeast
3rd_imdc_emap_xgbsillas,31,2,22648.049999999996,25866.006260683767,0.8755912981597375,Southeast
3rd_imdc_emap_xgbsillas,31,3,971.9300000000001,1133.0,0.85783759929391,Southeast
3rd_imdc_emap_xgbsillas,31,4,1376.3399999999997,2086.45,0.6596563540942749,Southeast
3rd_imdc_emap_xgbsillas,33,1,208.15000000000003,234.75418002136752,0.8866721775989422,Southeast
3rd_imdc_emap_xgbsillas,33,2,3579.79,4730.010045405984,0.7568250311596836,Southeast
3rd_imdc_emap_xgbsillas,33,3,238.2,236.55,1.0069752694990488,Southeast
3rd_imdc_emap_xgbsillas,33,4,438.13,249.32,1.7572998556072517,Southeast
3rd_imdc_emap_xgbsillas,35,1,1256.49,1338.2324572649572,0.9389175947562801,Southeast
3rd_imdc_emap_xgbsillas,35,2,19895.51,28666.995940170957,0.694021446876493,Southeast
3rd_imdc_emap_xgbsillas,35,3,5475.37,5586.86,0.9800442466788143,Southeast
3rd_imdc_emap_xgbsillas,35,4,2994.41,4850.28,0.6173684818196062,Southeast
3rd_imdc_emap_xgbsillas,41,1,1628.94,1437.424925213675,1.1332348364265745,South
3rd_imdc_emap_xgbsillas,41,2,6961.679999999999,6683.275253739316,1.0416569325204605,South
3rd_imdc_emap_xgbsillas,41,3,472.15999999999997,728.92,0.6477528398178126,South
3rd_imdc_emap_xgbsillas,41,4,698.3199999999999,1311.3,0.5325402272553954,South
3rd_imdc_emap_xgbsillas,42,1,2823.0,1760.920769230769,1.60313856780347,South
3rd_imdc_emap_xgbsillas,42,2,6900.6,4318.642099358976,1.5978633656686365,South
3rd_imdc_emap_xgbsillas,42,3,239.43,548.67,0.4363825250150364,South
3rd_imdc_emap_xgbsillas,42,4,83.46000000000001,594.26,0.14044357688553832,South
3rd_imdc_emap_xgbsillas,43,1,658.59,370.2973637820513,1.77854358257768,South
3rd_imdc_emap_xgbsillas,43,2,4073.3399999999997,3349.2164823717967,1.2162068416417813,South
3rd_imdc_emap_xgbsillas,43,3,1256.05,634.4599999999999,1.9797150332566278,South
3rd_imdc_emap_xgbsillas,43,4,131.09,286.01,0.45834061746092797,South
3rd_imdc_emap_xgbsillas,50,1,264.94,257.81926014957264,1.027619115213876,Midwest
3rd_imdc_emap_xgbsillas,50,2,191.91,155.00426816239312,1.2380949394176803,Midwest
3rd_imdc_emap_xgbsillas,50,3,169.07,147.63,1.145227934701619,Midwest
3rd_imdc_emap_xgbsillas,50,4,323.82,220.94,1.4656467819317462,Midwest
3rd_imdc_emap_xgbsillas,51,1,118.66,102.4777911324786,1.1579094229948983,Midwest
3rd_imdc_emap_xgbsillas,51,2,201.55,202.04812232905985,0.9975346351982001,Midwest
3rd_imdc_emap_xgbsillas,51,3,147.97,135.48,1.0921907292589312,Midwest
3rd_imdc_emap_xgbsillas,51,4,245.88,122.88,2.0009765625,Midwest
3rd_imdc_emap_xgbsillas,52,1,523.39,312.7443643162392,1.6735393494437558,Midwest
3rd_imdc_emap_xgbsillas,52,2,1662.96,4133.947003205129,0.4022693079303327,Midwest
3rd_imdc_emap_xgbsillas,52,3,522.94,267.54,1.9546236076848322,Midwest
3rd_imdc_emap_xgbsillas,52,4,640.8300000000002,293.55,2.183035258048033,Midwest
3rd_imdc_emap_xgbsillas,53,1,197.65000000000003,186.2505128205128,1.061205131770417,Midwest
3rd_imdc_emap_xgbsillas,53,2,4027.39,4186.771407585471,0.9619321448272269,Midwest
3rd_imdc_emap_xgbsillas,53,3,260.91,296.11,0.8811252575056567,Midwest
3rd_imdc_emap_xgbsillas,53,4,366.40999999999997,284.16,1.2894496058558556,Midwest
3rd_imdc_fgv_pattern-blue,11,1,167.21008748538816,101.89453525641024,1.6410113365217875,North
3rd_imdc_fgv_pattern-blue,11,2,77.4236852818379,31.277812499999985,2.4753548631905744,North
3rd_imdc_fgv_pattern-blue,11,3,63.43,24.740000000000002,2.563864187550525,North
3rd_imdc_fgv_pattern-blue,11,4,48.1,26.55,1.8116760828625236,North
3rd_imdc_fgv_pattern-blue,12,1,46.81805677371467,30.96498397435897,1.511967737896557,North
3rd_imdc_fgv_pattern-blue,12,2,132.96927053135954,58.973378739316246,2.254733803181466,North
3rd_imdc_fgv_pattern-blue,12,3,92.42,47.43,1.9485557663925785,North
3rd_imdc_fgv_pattern-blue,12,4,79.44,40.95000000000001,1.9399267399267395,North
3rd_imdc_fgv_pattern-blue,13,1,56.9516308541114,22.90296207264957,2.4866491361884724,North
3rd_imdc_fgv_pattern-blue,13,2,84.43215906290526,57.59958066239316,1.4658467664510468,North
3rd_imdc_fgv_pattern-blue,13,3,72.4,18.51,3.91139924365208,North
3rd_imdc_fgv_pattern-blue,13,4,97.11,32.42,2.9953732264034545,North
3rd_imdc_fgv_pattern-blue,14,1,3.4529134083498665,2.173453525641025,1.5886759793179777,North
3rd_imdc_fgv_pattern-blue,14,2,4.219805967408988,4.4362873931623925,0.951202118670881,North
3rd_imdc_fgv_pattern-blue,14,3,4.06,2.69,1.5092936802973977,North
3rd_imdc_fgv_pattern-blue,14,4,4.51,5.0600000000000005,0.8913043478260868,North
3rd_imdc_fgv_pattern-blue,15,1,63.25064787553072,18.409249465811964,3.4358080699049816,North
3rd_imdc_fgv_pattern-blue,15,2,190.16400412178444,197.2042361111112,0.9642997933099163,North
3rd_imdc_fgv_pattern-blue,15,3,157.3,92.14,1.7071847189060128,North
3rd_imdc_fgv_pattern-blue,15,4,87.12,39.14,2.225855901890649,North
3rd_imdc_fgv_pattern-blue,16,1,11.333283450515932,8.522823183760684,1.3297569603591302,North
3rd_imdc_fgv_pattern-blue,16,2,147.80693806643666,180.8090598290599,0.8174752869473243,North
3rd_imdc_fgv_pattern-blue,16,3,22.37,17.47,1.2804808242701775,North
3rd_imdc_fgv_pattern-blue,16,4,37.46,7.9399999999999995,4.717884130982368,North
3rd_imdc_fgv_pattern-blue,17,1,85.98085963013553,32.95020566239315,2.609417996084544,North
3rd_imdc_fgv_pattern-blue,17,2,18.992284292876324,29.62533653846153,0.6410824824966734,North
3rd_imdc_fgv_pattern-blue,17,3,45.75,32.61,1.4029438822447102,North
3rd_imdc_fgv_pattern-blue,17,4,197.39000000000001,187.15,1.0547154688752338,North
3rd_imdc_fgv_pattern-blue,21,1,40.449269181905706,24.062783119658125,1.6809888108437723,Northeast
3rd_imdc_fgv_pattern-blue,21,2,67.04418660059004,58.10072382478632,1.1539303159591336,Northeast
3rd_imdc_fgv_pattern-blue,21,3,62.95,22.990000000000002,2.738147020443671,Northeast
3rd_imdc_fgv_pattern-blue,21,4,90.61,67.28,1.3467598097502973,Northeast
3rd_imdc_fgv_pattern-blue,22,1,99.267654466699,28.55163461538461,3.4767765770303796,Northeast
3rd_imdc_fgv_pattern-blue,22,2,77.45694749055909,79.68833867521366,0.9719985229739941,Northeast
3rd_imdc_fgv_pattern-blue,22,3,46.45,26.300000000000004,1.7661596958174903,Northeast
3rd_imdc_fgv_pattern-blue,22,4,100.41,94.01000000000002,1.068077864057015,Northeast
3rd_imdc_fgv_pattern-blue,23,1,433.2465133057695,119.86219017094014,3.614538602105466,Northeast
3rd_imdc_fgv_pattern-blue,23,2,179.30582694485508,125.9489075854701,1.4236393977706912,Northeast
3rd_imdc_fgv_pattern-blue,23,3,281.31,191.48,1.4691351577188219,Northeast
3rd_imdc_fgv_pattern-blue,23,4,268.68,101.86,2.637738071863342,Northeast
3rd_imdc_fgv_pattern-blue,24,1,274.2084455184402,109.64313568376066,2.5009175796406327,Northeast
3rd_imdc_fgv_pattern-blue,24,2,76.32117353516372,99.9653472222222,0.7634763010976428,Northeast
3rd_imdc_fgv_pattern-blue,24,3,174.34999999999997,82.79999999999998,2.1056763285024154,Northeast
3rd_imdc_fgv_pattern-blue,24,4,98.72,77.37,1.2759467493860668,Northeast
3rd_imdc_fgv_pattern-blue,25,1,238.5815605527976,81.90579594017093,2.9128776274523034,Northeast
3rd_imdc_fgv_pattern-blue,25,2,72.94767012506136,78.4289503205128,0.9301115191131428,Northeast
3rd_imdc_fgv_pattern-blue,25,3,85.82,67.79,1.2659684319221123,Northeast
3rd_imdc_fgv_pattern-blue,25,4,51.769999999999996,60.29,0.8586830320119422,Northeast
3rd_imdc_fgv_pattern-blue,26,1,340.3318123683358,194.26540331196577,1.7518910035762043,Northeast
3rd_imdc_fgv_pattern-blue,26,2,110.92929464510766,137.06076388888886,0.8093439106689555,Northeast
3rd_imdc_fgv_pattern-blue,26,3,297.99,113.78999999999999,2.618771421038756,Northeast
3rd_imdc_fgv_pattern-blue,26,4,150.07,103.51000000000002,1.4498116124045983,Northeast
3rd_imdc_fgv_pattern-blue,27,1,183.48839966029828,63.17461805555554,2.9044639335838838,Northeast
3rd_imdc_fgv_pattern-blue,27,2,119.44384567953219,98.23614316239316,1.215884926203595,Northeast
3rd_imdc_fgv_pattern-blue,27,3,163.47,60.480000000000004,2.7028769841269837,Northeast
3rd_imdc_fgv_pattern-blue,27,4,119.26000000000002,45.78,2.605067715159459,Northeast
3rd_imdc_fgv_pattern-blue,28,1,26.188083754435574,22.78627136752136,1.1492921914272918,Northeast
3rd_imdc_fgv_pattern-blue,28,2,14.409766079868918,22.27611912393161,0.6468705791929557,Northeast
3rd_imdc_fgv_pattern-blue,28,3,24.21,15.27,1.5854616895874265,Northeast
3rd_imdc_fgv_pattern-blue,28,4,10.07,11.32,0.8895759717314488,Northeast
3rd_imdc_fgv_pattern-blue,29,1,497.3774412086643,183.18042467948715,2.7152324932040703,Northeast
3rd_imdc_fgv_pattern-blue,29,2,3385.536936442772,3104.0630341880337,1.0906791837519392,Northeast
3rd_imdc_fgv_pattern-blue,29,3,1388.1,236.23,5.876052999195699,Northeast
3rd_imdc_fgv_pattern-blue,29,4,646.4,302.3868506006006,2.137659090387431,Northeast
3rd_imdc_fgv_pattern-blue,31,1,1006.9079512748758,2416.086233974359,0.4167516610607706,Southeast
3rd_imdc_fgv_pattern-blue,31,2,23251.725740673857,25866.006260683767,0.8989298736858498,Southeast
3rd_imdc_fgv_pattern-blue,31,3,7104.550000000001,1133.0,6.2705648720211835,Southeast
3rd_imdc_fgv_pattern-blue,31,4,6542.350000000001,2086.45,3.1356370869179715,Southeast
3rd_imdc_fgv_pattern-blue,33,1,208.2525046729361,234.75418002136752,0.8871088244476873,Southeast
3rd_imdc_fgv_pattern-blue,33,2,3674.800775009292,4730.010045405984,0.7769118331108911,Southeast
3rd_imdc_fgv_pattern-blue,33,3,932.47,236.55,3.9419573028957937,Southeast
3rd_imdc_fgv_pattern-blue,33,4,1337.6299999999999,249.32,5.365113107652816,Southeast
3rd_imdc_fgv_pattern-blue,35,1,2821.1150311178253,1338.2324572649572,2.1080904261458002,Southeast
3rd_imdc_fgv_pattern-blue,35,2,28058.896439842545,28666.995940170957,0.9787874703858913,Southeast
3rd_imdc_fgv_pattern-blue,35,3,6031.29,5586.86,1.0795491564134416,Southeast
3rd_imdc_fgv_pattern-blue,35,4,12361.869999999999,4850.28,2.54869203427431,Southeast
3rd_imdc_fgv_pattern-blue,41,1,508.7960963449626,1437.424925213675,0.3539635965818037,South
3rd_imdc_fgv_pattern-blue,41,2,7517.689896894794,6683.275253739316,1.1248511562782963,South
3rd_imdc_fgv_pattern-blue,41,3,2612.19,728.92,3.583644295670307,South
3rd_imdc_fgv_pattern-blue,41,4,3964.5099999999998,1311.3,3.0233432471593074,South
3rd_imdc_fgv_pattern-blue,42,1,680.1548381001593,1760.920769230769,0.3862495405726144,South
3rd_imdc_fgv_pattern-blue,42,2,2244.3756675759405,4318.642099358976,0.5196947595886858,South
3rd_imdc_fgv_pattern-blue,42,3,895.77,548.67,1.6326207009677949,South
3rd_imdc_fgv_pattern-blue,42,4,1609.73,594.26,2.708797496045502,South
3rd_imdc_fgv_pattern-blue,43,1,692.6858010845923,370.2973637820513,1.8706203954838079,South
3rd_imdc_fgv_pattern-blue,43,2,2388.693002376838,3349.2164823717967,0.7132094968926136,South
3rd_imdc_fgv_pattern-blue,43,3,871.39,634.4599999999999,1.3734356775840875,South
3rd_imdc_fgv_pattern-blue,43,4,873.8199999999999,286.01,3.0552078598650394,South
3rd_imdc_fgv_pattern-blue,50,1,168.4112547581082,257.81926014957264,0.6532144055506374,Midwest
3rd_imdc_fgv_pattern-blue,50,2,245.99508488690748,155.00426816239312,1.5870213627226453,Midwest
3rd_imdc_fgv_pattern-blue,50,3,223.62,147.63,1.5147327778906727,Midwest
3rd_imdc_fgv_pattern-blue,50,4,555.34,220.94,2.5135330859056757,Midwest
3rd_imdc_fgv_pattern-blue,51,1,134.97245029989875,102.4777911324786,1.3170897694839319,Midwest
3rd_imdc_fgv_pattern-blue,51,2,136.91706306021086,202.04812232905985,0.6776458077508132,Midwest
3rd_imdc_fgv_pattern-blue,51,3,304.31,135.48,2.246161795098908,Midwest
3rd_imdc_fgv_pattern-blue,51,4,496.53000000000003,122.88,4.040771484375,Midwest
3rd_imdc_fgv_pattern-blue,52,1,1390.7195333412487,312.7443643162392,4.44682524138145,Midwest
3rd_imdc_fgv_pattern-blue,52,2,1898.4535164120125,4133.947003205129,0.4592350881470191,Midwest
3rd_imdc_fgv_pattern-blue,52,3,904.4300000000001,267.54,3.380541227480003,Midwest
3rd_imdc_fgv_pattern-blue,52,4,737.1,293.55,2.510986203372509,Midwest
3rd_imdc_fgv_pattern-blue,53,1,222.957391785552,186.2505128205128,1.1970833712571474,Midwest
3rd_imdc_fgv_pattern-blue,53,2,4269.105500627942,4186.771407585471,1.0196652945735944,Midwest
3rd_imdc_fgv_pattern-blue,53,3,140.96,296.11,0.4760393097159839,Midwest
3rd_imdc_fgv_pattern-blue,53,4,148.05,284.16,0.5210092905405406,Midwest
3rd_imdc_fgv_sakhal,11,1,210.24054509391647,101.89453525641024,2.063315216707759,North
3rd_imdc_fgv_sakhal,11,2,47.52756166627964,31.277812499999985,1.5195295919840832,North
3rd_imdc_fgv_sakhal,11,3,163.07999999999998,24.740000000000002,6.591754244139045,North
3rd_imdc_fgv_sakhal,11,4,258.6,26.55,9.740112994350284,North
3rd_imdc_fgv_sakhal,12,1,31.9418492141452,30.96498397435897,1.031547416287867,North
3rd_imdc_fgv_sakhal,12,2,170.26978078610176,58.973378739316246,2.88723122917471,North
3rd_imdc_fgv_sakhal,12,3,76.39,47.43,1.610584018553658,North
3rd_imdc_fgv_sakhal,12,4,19.09,40.95000000000001,0.4661782661782661,North
3rd_imdc_fgv_sakhal,13,1,1114.661613685779,22.90296207264957,48.668884406742045,North
3rd_imdc_fgv_sakhal,13,2,139.01992415360914,57.59958066239316,2.4135579209932585,North
3rd_imdc_fgv_sakhal,13,3,145.93,18.51,7.883846569421934,North
3rd_imdc_fgv_sakhal,13,4,29.330000000000002,32.42,0.904688463911166,North
3rd_imdc_fgv_sakhal,14,1,107.94117220072157,2.173453525641025,49.66343698050137,North
3rd_imdc_fgv_sakhal,14,2,16.85441123564146,4.4362873931623925,3.799215366799501,North
3rd_imdc_fgv_sakhal,14,3,55.41,2.69,20.598513011152416,North
3rd_imdc_fgv_sakhal,14,4,4.33,5.0600000000000005,0.8557312252964426,North
3rd_imdc_fgv_sakhal,15,1,4149.786147660475,18.409249465811964,225.41854057478508,North
3rd_imdc_fgv_sakhal,15,2,139.57932833361826,197.2042361111112,0.7077907203523498,North
3rd_imdc_fgv_sakhal,15,3,2605.81,92.14,28.280985456913392,North
3rd_imdc_fgv_sakhal,15,4,45.14,39.14,1.1532958610117527,North
3rd_imdc_fgv_sakhal,16,1,188.3382781215916,8.522823183760684,22.098109283840333,North
3rd_imdc_fgv_sakhal,16,2,79.56578790329651,180.8090598290599,0.4400542095540977,North
3rd_imdc_fgv_sakhal,16,3,22.36,17.47,1.2799084144247281,North
3rd_imdc_fgv_sakhal,16,4,2.4300000000000006,7.9399999999999995,0.3060453400503779,North
3rd_imdc_fgv_sakhal,17,1,31.54087315435084,32.95020566239315,0.9572284154313848,North
3rd_imdc_fgv_sakhal,17,2,63.76839429484919,29.62533653846153,2.152495186411163,North
3rd_imdc_fgv_sakhal,17,3,61.230000000000004,32.61,1.877644894204232,North
3rd_imdc_fgv_sakhal,17,4,130.26,187.15,0.6960192359070264,North
3rd_imdc_fgv_sakhal,21,1,424.3682256572064,24.062783119658125,17.635874601326485,Northeast
3rd_imdc_fgv_sakhal,21,2,154.6862422899507,58.10072382478632,2.662380640152371,Northeast
3rd_imdc_fgv_sakhal,21,3,533.73,22.990000000000002,23.215745976511524,Northeast
3rd_imdc_fgv_sakhal,21,4,169.82,67.28,2.524078478002378,Northeast
3rd_imdc_fgv_sakhal,22,1,31.52215736272497,28.55163461538461,1.1040403741276423,Northeast
3rd_imdc_fgv_sakhal,22,2,164.10704205581013,79.68833867521366,2.0593608146941347,Northeast
3rd_imdc_fgv_sakhal,22,3,162.01000000000002,26.300000000000004,6.160076045627376,Northeast
3rd_imdc_fgv_sakhal,22,4,1200.5,94.01000000000002,12.769918093819804,Northeast
3rd_imdc_fgv_sakhal,23,1,95.64682738516063,119.86219017094014,0.7979732995764133,Northeast
3rd_imdc_fgv_sakhal,23,2,255.02990229875616,125.9489075854701,2.024867918173014,Northeast
3rd_imdc_fgv_sakhal,23,3,1870.3300000000002,191.48,9.767756423647379,Northeast
3rd_imdc_fgv_sakhal,23,4,176.59,101.86,1.7336540349499314,Northeast
3rd_imdc_fgv_sakhal,24,1,179.5074166411212,109.64313568376066,1.6371970349230738,Northeast
3rd_imdc_fgv_sakhal,24,2,139.41251204231358,99.9653472222222,1.394608390969729,Northeast
3rd_imdc_fgv_sakhal,24,3,42.39999999999999,82.79999999999998,0.5120772946859904,Northeast
3rd_imdc_fgv_sakhal,24,4,31.36,77.37,0.4053250613933049,Northeast
3rd_imdc_fgv_sakhal,25,1,504.3623988668327,81.90579594017093,6.157835267668362,Northeast
3rd_imdc_fgv_sakhal,25,2,79.29564935136045,78.4289503205128,1.0110507539283102,Northeast
3rd_imdc_fgv_sakhal,25,3,50.03,67.79,0.7380144564094999,Northeast
3rd_imdc_fgv_sakhal,25,4,24.97,60.29,0.41416486979598605,Northeast
3rd_imdc_fgv_sakhal,26,1,2472.906898199065,194.26540331196577,12.729528037619174,Northeast
3rd_imdc_fgv_sakhal,26,2,409.18497196837353,137.06076388888886,2.9854274874761955,Northeast
3rd_imdc_fgv_sakhal,26,3,1165.88,113.78999999999999,10.245891554618158,Northeast
3rd_imdc_fgv_sakhal,26,4,140.99,103.51000000000002,1.3620906192638391,Northeast
3rd_imdc_fgv_sakhal,27,1,436.0718140491257,63.17461805555554,6.902642666800861,Northeast
3rd_imdc_fgv_sakhal,27,2,85.22858309933007,98.23614316239316,0.8675888563584949,Northeast
3rd_imdc_fgv_sakhal,27,3,411.62,60.480000000000004,6.805886243386243,Northeast
3rd_imdc_fgv_sakhal,27,4,27.600000000000005,45.78,0.6028833551769333,Northeast
3rd_imdc_fgv_sakhal,28,1,142.30725439079805,22.78627136752136,6.245306750521594,Northeast
3rd_imdc_fgv_sakhal,28,2,35.877090626060955,22.27611912393161,1.6105628824509917,Northeast
3rd_imdc_fgv_sakhal,28,3,68.09,15.27,4.459070072036673,Northeast
3rd_imdc_fgv_sakhal,28,4,62.20000000000001,11.32,5.49469964664311,Northeast
3rd_imdc_fgv_sakhal,29,1,1352.465386313577,183.18042467948715,7.383241897599053,Northeast
3rd_imdc_fgv_sakhal,29,2,2116.479301941538,3104.0630341880337,0.681841598778992,Northeast
3rd_imdc_fgv_sakhal,29,3,1994.3600000000001,236.23,8.442450154510436,Northeast
3rd_imdc_fgv_sakhal,29,4,248.25,302.3868506006006,0.8209682382250616,Northeast
3rd_imdc_fgv_sakhal,31,1,2388.211534895612,2416.086233974359,0.9884628707838403,Southeast
3rd_imdc_fgv_sakhal,31,2,32113.80425921781,25866.006260683767,1.241544749334986,Southeast
3rd_imdc_fgv_sakhal,31,3,773.0400000000001,1133.0,0.6822947925860547,Southeast
3rd_imdc_fgv_sakhal,31,4,1837.6600000000003,2086.45,0.8807591842603467,Southeast
3rd_imdc_fgv_sakhal,33,1,1455.636124587059,234.75418002136752,6.200682451978345,Southeast
3rd_imdc_fgv_sakhal,33,2,5307.89095282033,4730.010045405984,1.1221732938972535,Southeast
3rd_imdc_fgv_sakhal,33,3,5039.05,236.55,21.302261678292115,Southeast
3rd_imdc_fgv_sakhal,33,4,41.79999999999999,249.32,0.1676560243863308,Southeast
3rd_imdc_fgv_sakhal,35,1,8402.348179471757,1338.2324572649572,6.278691070342328,Southeast
3rd_imdc_fgv_sakhal,35,2,19118.56951967092,28666.995940170957,0.6669191832856173,Southeast
3rd_imdc_fgv_sakhal,35,3,7132.3099999999995,5586.86,1.2766222887274783,Southeast
3rd_imdc_fgv_sakhal,35,4,276.94,4850.28,0.057097734563777765,Southeast
3rd_imdc_fgv_sakhal,41,1,1732.2925028836528,1437.424925213675,1.2051359848418834,South
3rd_imdc_fgv_sakhal,41,2,8314.223703699234,6683.275253739316,1.2440343077366738,South
3rd_imdc_fgv_sakhal,41,3,1221.08,728.92,1.6751906930801734,South
3rd_imdc_fgv_sakhal,41,4,382.45,1311.3,0.2916571341416915,South
3rd_imdc_fgv_sakhal,42,1,585.6766465634056,1760.920769230769,0.3325968191171085,South
3rd_imdc_fgv_sakhal,42,2,5834.378521868091,4318.642099358976,1.3509752342603474,South
3rd_imdc_fgv_sakhal,42,3,94.03999999999999,548.67,0.1713962855632712,South
3rd_imdc_fgv_sakhal,42,4,119.65000000000002,594.26,0.20134284656547644,South
3rd_imdc_fgv_sakhal,43,1,2375.668281347976,370.2973637820513,6.41556898240907,South
3rd_imdc_fgv_sakhal,43,2,2028.1866043470409,3349.2164823717967,0.6055704714885288,South
3rd_imdc_fgv_sakhal,43,3,1050.98,634.4599999999999,1.6564952873309589,South
3rd_imdc_fgv_sakhal,43,4,5362.05,286.01,18.74777105695605,South
3rd_imdc_fgv_sakhal,50,1,523.801346941463,257.81926014957264,2.031661042846768,Midwest
3rd_imdc_fgv_sakhal,50,2,177.32612535327007,155.00426816239312,1.144008016395336,Midwest
3rd_imdc_fgv_sakhal,50,3,77.03,147.63,0.5217774165142587,Midwest
3rd_imdc_fgv_sakhal,50,4,54.71,220.94,0.2476237892640536,Midwest
3rd_imdc_fgv_sakhal,51,1,204.7595095611637,102.4777911324786,1.998086681010327,Midwest
3rd_imdc_fgv_sakhal,51,2,333.5405743217061,202.04812232905985,1.6507976935241935,Midwest
3rd_imdc_fgv_sakhal,51,3,148.69,135.48,1.09750516681429,Midwest
3rd_imdc_fgv_sakhal,51,4,77.42999999999999,122.88,0.630126953125,Midwest
3rd_imdc_fgv_sakhal,52,1,298.3541920038981,312.7443643162392,0.9539874288580621,Midwest
3rd_imdc_fgv_sakhal,52,2,4915.969057181239,4133.947003205129,1.189170798118552,Midwest
3rd_imdc_fgv_sakhal,52,3,627.44,267.54,2.3452194064438965,Midwest
3rd_imdc_fgv_sakhal,52,4,2001.3899999999999,293.55,6.817884517118038,Midwest
3rd_imdc_fgv_sakhal,53,1,532.3557614631173,186.2505128205128,2.8582780976079336,Midwest
3rd_imdc_fgv_sakhal,53,2,5140.323674540642,4186.771407585471,1.2277536015526314,Midwest
3rd_imdc_fgv_sakhal,53,3,241.7,296.11,0.8162507176387153,Midwest
3rd_imdc_fgv_sakhal,53,4,154.39,284.16,0.5433206644144143,Midwest
3rd_imdc_fiocruz_mard,11,1,68.6967132051282,101.89453525641024,0.6741942836508149,North
3rd_imdc_fiocruz_mard,11,2,63.55134136752136,31.277812499999985,2.031834590974717,North
3rd_imdc_fiocruz_mard,11,3,56.42,24.740000000000002,2.280517380759903,North
3rd_imdc_fiocruz_mard,11,4,51.07,26.55,1.9235404896421846,North
3rd_imdc_fiocruz_mard,12,1,271.94097755341875,30.96498397435897,8.782209536378371,North
3rd_imdc_fiocruz_mard,12,2,163.86073490384612,58.973378739316246,2.7785542969849173,North
3rd_imdc_fiocruz_mard,12,3,99.72,47.43,2.1024667931688805,North
3rd_imdc_fiocruz_mard,12,4,143.8,40.95000000000001,3.511599511599511,North
3rd_imdc_fiocruz_mard,13,1,271.1470377457265,22.90296207264957,11.838950651257765,North
3rd_imdc_fiocruz_mard,13,2,140.7897255448718,57.59958066239316,2.4442838632815533,North
3rd_imdc_fiocruz_mard,13,3,108.88000000000001,18.51,5.882225823878985,North
3rd_imdc_fiocruz_mard,13,4,167.35999999999999,32.42,5.162245527452189,North
3rd_imdc_fiocruz_mard,14,1,56.61185096153848,2.173453525641025,26.046957201369988,North
3rd_imdc_fiocruz_mard,14,2,36.09343367521368,4.4362873931623925,8.13595479202816,North
3rd_imdc_fiocruz_mard,14,3,21.02,2.69,7.814126394052044,North
3rd_imdc_fiocruz_mard,14,4,7.88,5.0600000000000005,1.5573122529644268,North
3rd_imdc_fiocruz_mard,15,1,174.9251246260684,18.409249465811964,9.502023694715199,North
3rd_imdc_fiocruz_mard,15,2,147.8844494871795,197.2042361111112,0.7499050345138462,North
3rd_imdc_fiocruz_mard,15,3,141.53,92.14,1.5360321250271327,North
3rd_imdc_fiocruz_mard,15,4,58.32,39.14,1.490035769034236,North
3rd_imdc_fiocruz_mard,16,1,34.02762818376068,8.522823183760684,3.99253011004577,North
3rd_imdc_fiocruz_mard,16,2,162.50706887820513,180.8090598290599,0.8987772461835829,North
3rd_imdc_fiocruz_mard,16,3,16.28,17.47,0.9318832283915285,North
3rd_imdc_fiocruz_mard,16,4,17.22,7.9399999999999995,2.168765743073048,North
3rd_imdc_fiocruz_mard,17,1,153.2495959401709,32.95020566239315,4.650945050551787,North
3rd_imdc_fiocruz_mard,17,2,111.83196840811964,29.62533653846153,3.774875882437053,North
3rd_imdc_fiocruz_mard,17,3,81.39,32.61,2.4958601655933763,North
3rd_imdc_fiocruz_mard,17,4,345.89,187.15,1.8481966337162703,North
3rd_imdc_fiocruz_mard,21,1,95.94349613247866,24.062783119658125,3.9872152633124753,Northeast
3rd_imdc_fiocruz_mard,21,2,95.27366736111114,58.10072382478632,1.6398017286054272,Northeast
3rd_imdc_fiocruz_mard,21,3,19.86,22.990000000000002,0.8638538494997824,Northeast
3rd_imdc_fiocruz_mard,21,4,177.37,67.28,2.6362960760998813,Northeast
3rd_imdc_fiocruz_mard,22,1,89.39070298076923,28.55163461538461,3.1308436166594267,Northeast
3rd_imdc_fiocruz_mard,22,2,78.35432217948718,79.68833867521366,0.9832595770233894,Northeast
3rd_imdc_fiocruz_mard,22,3,37.37,26.300000000000004,1.4209125475285167,Northeast
3rd_imdc_fiocruz_mard,22,4,209.01,94.01000000000002,2.2232741197744916,Northeast
3rd_imdc_fiocruz_mard,23,1,803.847521239316,119.86219017094014,6.706431111369797,Northeast
3rd_imdc_fiocruz_mard,23,2,661.5900548290595,125.9489075854701,5.2528447249937305,Northeast
3rd_imdc_fiocruz_mard,23,3,435.11,191.48,2.2723522038855233,Northeast
3rd_imdc_fiocruz_mard,23,4,273.16,101.86,2.6817200078539174,Northeast
3rd_imdc_fiocruz_mard,24,1,466.45911069444446,109.64313568376066,4.254339387372448,Northeast
3rd_imdc_fiocruz_mard,24,2,193.7111620512821,99.9653472222222,1.9377831161898897,Northeast
3rd_imdc_fiocruz_mard,24,3,136.24,82.79999999999998,1.6454106280193241,Northeast
3rd_imdc_fiocruz_mard,24,4,124.31,77.37,1.6066951014605144,Northeast
3rd_imdc_fiocruz_mard,25,1,256.8938323397436,81.90579594017093,3.136454867338018,Northeast
3rd_imdc_fiocruz_mard,25,2,138.44197852564102,78.4289503205128,1.7651897412865418,Northeast
3rd_imdc_fiocruz_mard,25,3,63.91,67.79,0.9427644195309042,Northeast
3rd_imdc_fiocruz_mard,25,4,60.88000000000001,60.29,1.0097860341681872,Northeast
3rd_imdc_fiocruz_mard,26,1,712.3995347649574,194.26540331196577,3.6671456812149583,Northeast
3rd_imdc_fiocruz_mard,26,2,230.51645716880336,137.06076388888886,1.6818559201645504,Northeast
3rd_imdc_fiocruz_mard,26,3,172.05,113.78999999999999,1.5119957817031375,Northeast
3rd_imdc_fiocruz_mard,26,4,103.46000000000001,103.51000000000002,0.999516954883586,Northeast
3rd_imdc_fiocruz_mard,27,1,397.5565338888889,63.17461805555554,6.292978827972954,Northeast
3rd_imdc_fiocruz_mard,27,2,89.5790819337607,98.23614316239316,0.9118749886757915,Northeast
3rd_imdc_fiocruz_mard,27,3,129.5,60.480000000000004,2.1412037037037037,Northeast
3rd_imdc_fiocruz_mard,27,4,97.37,45.78,2.1269113149847096,Northeast
3rd_imdc_fiocruz_mard,28,1,27.02869338675214,22.78627136752136,1.186183248272807,Northeast
3rd_imdc_fiocruz_mard,28,2,24.206572863247864,22.27611912393161,1.0866602359493729,Northeast
3rd_imdc_fiocruz_mard,28,3,28.699999999999996,15.27,1.8795022920759656,Northeast
3rd_imdc_fiocruz_mard,28,4,11.89,11.32,1.0503533568904593,Northeast
3rd_imdc_fiocruz_mard,29,1,431.16087894230776,183.18042467948715,2.3537497508083347,Northeast
3rd_imdc_fiocruz_mard,29,2,3236.233195117521,3104.0630341880337,1.042579728399124,Northeast
3rd_imdc_fiocruz_mard,29,3,138.78,236.23,0.5874783050416967,Northeast
3rd_imdc_fiocruz_mard,29,4,287.19,302.3868506006006,0.9497436790971014,Northeast
3rd_imdc_fiocruz_mard,31,1,1994.2095347115387,2416.086233974359,0.825388393290561,Southeast
3rd_imdc_fiocruz_mard,31,2,28785.312213931626,25866.006260683767,1.1128626477480288,Southeast
3rd_imdc_fiocruz_mard,31,3,630.48,1133.0,0.5564695498676081,Southeast
3rd_imdc_fiocruz_mard,31,4,1889.3899999999999,2086.45,0.9055524934697693,Southeast
3rd_imdc_fiocruz_mard,32,1,1513.798775363248,,,Southeast
3rd_imdc_fiocruz_mard,32,2,1956.9566415277773,1164.8850293803416,1.679956898895659,Southeast
3rd_imdc_fiocruz_mard,32,3,593.55,418.56,1.41807626146789,Southeast
3rd_imdc_fiocruz_mard,32,4,182.57,343.26,0.5318708850434073,Southeast
3rd_imdc_fiocruz_mard,33,1,1106.3170147542735,234.75418002136752,4.7126616218445,Southeast
3rd_imdc_fiocruz_mard,33,2,3929.3147261324784,4730.010045405984,0.8307201651609218,Southeast
3rd_imdc_fiocruz_mard,33,3,450.82,236.55,1.9058127245825405,Southeast
3rd_imdc_fiocruz_mard,33,4,1022.4300000000001,249.32,4.100874378309001,Southeast
3rd_imdc_fiocruz_mard,35,1,696.6293325854701,1338.2324572649572,0.520559286096843,Southeast
3rd_imdc_fiocruz_mard,35,2,35258.19732301282,28666.995940170957,1.229922988673035,Southeast
3rd_imdc_fiocruz_mard,35,3,14102.05,5586.86,2.524145942443519,Southeast
3rd_imdc_fiocruz_mard,35,4,3897.54,4850.28,0.8035701031693016,Southeast
3rd_imdc_fiocruz_mard,41,1,2642.7301043589737,1437.424925213675,1.8385169604361276,South
3rd_imdc_fiocruz_mard,41,2,10907.59629065171,6683.275253739316,1.6320734784264455,South
3rd_imdc_fiocruz_mard,41,3,778.8,728.92,1.0684300060363277,South
3rd_imdc_fiocruz_mard,41,4,1062.07,1311.3,0.8099367040341645,South
3rd_imdc_fiocruz_mard,42,1,2607.190113290598,1760.920769230769,1.480583430468316,South
3rd_imdc_fiocruz_mard,42,2,6658.289759754274,4318.642099358976,1.5417553959246995,South
3rd_imdc_fiocruz_mard,42,3,171.40000000000003,548.67,0.31239178376802096,South
3rd_imdc_fiocruz_mard,42,4,311.86,594.26,0.524787130212365,South
3rd_imdc_fiocruz_mard,43,1,576.0054106623932,370.2973637820513,1.5555212296931635,South
3rd_imdc_fiocruz_mard,43,2,4089.256120737179,3349.2164823717967,1.2209590339294258,South
3rd_imdc_fiocruz_mard,43,3,1501.46,634.4599999999999,2.3665164076537533,South
3rd_imdc_fiocruz_mard,43,4,242.14000000000001,286.01,0.8466137547638195,South
3rd_imdc_fiocruz_mard,50,1,357.0907521901709,257.81926014957264,1.3850429637530042,Midwest
3rd_imdc_fiocruz_mard,50,2,334.67478895299143,155.00426816239312,2.159132731766864,Midwest
3rd_imdc_fiocruz_mard,50,3,192.81,147.63,1.3060353586669378,Midwest
3rd_imdc_fiocruz_mard,50,4,319.69,220.94,1.446953924142301,Midwest
3rd_imdc_fiocruz_mard,51,1,163.04093525641025,102.4777911324786,1.5909879931510076,Midwest
3rd_imdc_fiocruz_mard,51,2,205.43365237179484,202.04812232905985,1.0167560579316903,Midwest
3rd_imdc_fiocruz_mard,51,3,286.38,135.48,2.113817537643933,Midwest
3rd_imdc_fiocruz_mard,51,4,89.7,122.88,0.72998046875,Midwest
3rd_imdc_fiocruz_mard,52,1,1494.9636985363247,312.7443643162392,4.780145924626974,Midwest
3rd_imdc_fiocruz_mard,52,2,3645.983200128205,4133.947003205129,0.8819617661526392,Midwest
3rd_imdc_fiocruz_mard,52,3,362.51,267.54,1.3549749570157732,Midwest
3rd_imdc_fiocruz_mard,52,4,830.79,293.55,2.830148185998978,Midwest
3rd_imdc_fiocruz_mard,53,1,245.0918032264957,186.2505128205128,1.3159255215725902,Midwest
3rd_imdc_fiocruz_mard,53,2,5002.2874782051285,4186.771407585471,1.1947839973164356,Midwest
3rd_imdc_fiocruz_mard,53,3,192.68,296.11,0.650704130221877,Midwest
3rd_imdc_fiocruz_mard,53,4,313.95,284.16,1.104835304054054,Midwest
3rd_imdc_fiocruz_zerolags,11,1,181.4845915053996,101.89453525641024,1.781102303952874,North
3rd_imdc_fiocruz_zerolags,11,2,75.84939186788387,31.277812499999985,2.4250222699520276,North
3rd_imdc_fiocruz_zerolags,11,3,38.93,24.740000000000002,1.5735650767987064,North
3rd_imdc_fiocruz_zerolags,11,4,56.47,26.55,2.126930320150659,North
3rd_imdc_fiocruz_zerolags,12,1,44.17811787886995,30.96498397435897,1.4267121182898825,North
3rd_imdc_fiocruz_zerolags,12,2,141.68872796486508,58.973378739316246,2.4025879302452844,North
3rd_imdc_fiocruz_zerolags,12,3,136.67,47.43,2.8815095930845454,North
3rd_imdc_fiocruz_zerolags,12,4,28.399999999999995,40.95000000000001,0.6935286935286933,North
3rd_imdc_fiocruz_zerolags,13,1,35.007279218194135,22.90296207264957,1.5285044400435606,North
3rd_imdc_fiocruz_zerolags,13,2,112.02470000633254,57.59958066239316,1.944887423103648,North
3rd_imdc_fiocruz_zerolags,13,3,32.0,18.51,1.728795245813074,North
3rd_imdc_fiocruz_zerolags,13,4,47.22,32.42,1.4565083281924738,North
3rd_imdc_fiocruz_zerolags,14,1,83.52566061892027,2.173453525641025,38.42992713372407,North
3rd_imdc_fiocruz_zerolags,14,2,74.85677026038012,4.4362873931623925,16.873742304377338,North
3rd_imdc_fiocruz_zerolags,14,3,78.99,2.69,29.36431226765799,North
3rd_imdc_fiocruz_zerolags,14,4,82.53999999999999,5.0600000000000005,16.312252964426875,North
3rd_imdc_fiocruz_zerolags,15,1,36.30349015384595,18.409249465811964,1.9720244554926365,North
3rd_imdc_fiocruz_zerolags,15,2,293.5744242361503,197.2042361111112,1.4886821400263486,North
3rd_imdc_fiocruz_zerolags,15,3,236.22,92.14,2.5637074017799,North
3rd_imdc_fiocruz_zerolags,15,4,146.39,39.14,3.740163515585079,North
3rd_imdc_fiocruz_zerolags,16,1,69.33899708807495,8.522823183760684,8.135684102914736,North
3rd_imdc_fiocruz_zerolags,16,2,134.42448950212727,180.8090598290599,0.7434610280547589,North
3rd_imdc_fiocruz_zerolags,16,3,35.36,17.47,2.0240412135088723,North
3rd_imdc_fiocruz_zerolags,16,4,84.37,7.9399999999999995,10.625944584382873,North
3rd_imdc_fiocruz_zerolags,17,1,27.43030479820656,32.95020566239315,0.8324774989041545,North
3rd_imdc_fiocruz_zerolags,17,2,52.77403995556596,29.62533653846153,1.7813819561864315,North
3rd_imdc_fiocruz_zerolags,17,3,36.02,32.61,1.1045691505673108,North
3rd_imdc_fiocruz_zerolags,17,4,407.34000000000003,187.15,2.1765428800427467,North
3rd_imdc_fiocruz_zerolags,21,1,36.48689299556171,24.062783119658125,1.5163205691595039,Northeast
3rd_imdc_fiocruz_zerolags,21,2,159.87335961967784,58.10072382478632,2.7516586557820877,Northeast
3rd_imdc_fiocruz_zerolags,21,3,35.07,22.990000000000002,1.5254458460200087,Northeast
3rd_imdc_fiocruz_zerolags,21,4,212.01,67.28,3.1511593341260404,Northeast
3rd_imdc_fiocruz_zerolags,22,1,81.85790791793562,28.55163461538461,2.8670130106606133,Northeast
3rd_imdc_fiocruz_zerolags,22,2,208.7694445936924,79.68833867521366,2.6198242812486727,Northeast
3rd_imdc_fiocruz_zerolags,22,3,93.09,26.300000000000004,3.539543726235741,Northeast
3rd_imdc_fiocruz_zerolags,22,4,276.67,94.01000000000002,2.9429847888522493,Northeast
3rd_imdc_fiocruz_zerolags,23,1,208.05628495613348,119.86219017094014,1.7357957889757922,Northeast
3rd_imdc_fiocruz_zerolags,23,2,163.73057615717659,125.9489075854701,1.299976151409392,Northeast
3rd_imdc_fiocruz_zerolags,23,3,35.19,191.48,0.18377898475036558,Northeast
3rd_imdc_fiocruz_zerolags,23,4,182.59,101.86,1.7925584135087376,Northeast
3rd_imdc_fiocruz_zerolags,24,1,56.76133644961583,109.64313568376066,0.5176916557123129,Northeast
3rd_imdc_fiocruz_zerolags,24,2,245.18184424769157,99.9653472222222,2.4526683601933996,Northeast
3rd_imdc_fiocruz_zerolags,24,3,92.32,82.79999999999998,1.1149758454106282,Northeast
3rd_imdc_fiocruz_zerolags,24,4,69.87,77.37,0.9030632027917798,Northeast
3rd_imdc_fiocruz_zerolags,25,1,53.4801567329081,81.90579594017093,0.6529471586110136,Northeast
3rd_imdc_fiocruz_zerolags,25,2,189.47736067638283,78.4289503205128,2.415910960200952,Northeast
3rd_imdc_fiocruz_zerolags,25,3,60.41,67.79,0.8911343856025962,Northeast
3rd_imdc_fiocruz_zerolags,25,4,42.70000000000001,60.29,0.7082434897993035,Northeast
3rd_imdc_fiocruz_zerolags,26,1,77.94889236453511,194.26540331196577,0.401249481562906,Northeast
3rd_imdc_fiocruz_zerolags,26,2,421.6315968638312,137.06076388888886,3.076238486498117,Northeast
3rd_imdc_fiocruz_zerolags,26,3,331.04,113.78999999999999,2.9092187362685653,Northeast
3rd_imdc_fiocruz_zerolags,26,4,431.34000000000003,103.51000000000002,4.167133610279199,Northeast
3rd_imdc_fiocruz_zerolags,27,1,26.897017092432524,63.17461805555554,0.42575670293375384,Northeast
3rd_imdc_fiocruz_zerolags,27,2,277.0876165804485,98.23614316239316,2.8206280057473125,Northeast
3rd_imdc_fiocruz_zerolags,27,3,84.53999999999999,60.480000000000004,1.39781746031746,Northeast
3rd_imdc_fiocruz_zerolags,27,4,55.38000000000001,45.78,1.2096985583224118,Northeast
3rd_imdc_fiocruz_zerolags,28,1,33.6814703899474,22.78627136752136,1.4781475146458416,Northeast
3rd_imdc_fiocruz_zerolags,28,2,33.81578882586675,22.27611912393161,1.518028730127317,Northeast
3rd_imdc_fiocruz_zerolags,28,3,69.83,15.27,4.573018991486575,Northeast
3rd_imdc_fiocruz_zerolags,28,4,71.4,11.32,6.307420494699647,Northeast
3rd_imdc_fiocruz_zerolags,29,1,784.5696472808023,183.18042467948715,4.2830430634363506,Northeast
3rd_imdc_fiocruz_zerolags,29,2,4503.762232293216,3104.0630341880337,1.450924862893874,Northeast
3rd_imdc_fiocruz_zerolags,29,3,562.37,236.23,2.3806036489861575,Northeast
3rd_imdc_fiocruz_zerolags,29,4,440.6000000000001,302.3868506006006,1.4570739406322748,Northeast
3rd_imdc_fiocruz_zerolags,31,1,7306.699616128211,2416.086233974359,3.0241882567697105,Southeast
3rd_imdc_fiocruz_zerolags,31,2,34139.46981400517,25866.006260683767,1.3198585614624643,Southeast
3rd_imdc_fiocruz_zerolags,31,3,3301.93,1133.0,2.91432480141218,Southeast
3rd_imdc_fiocruz_zerolags,31,4,1990.8899999999999,2086.45,0.9541997172230343,Southeast
3rd_imdc_fiocruz_zerolags,33,1,690.2210467907757,234.75418002136752,2.9401863972260314,Southeast
3rd_imdc_fiocruz_zerolags,33,2,6077.219800260015,4730.010045405984,1.2848217534257687,Southeast
3rd_imdc_fiocruz_zerolags,33,3,560.23,236.55,2.3683365039103785,Southeast
3rd_imdc_fiocruz_zerolags,33,4,97.8,249.32,0.39226696614792234,Southeast
3rd_imdc_fiocruz_zerolags,35,1,6448.111689444399,1338.2324572649572,4.818379388751991,Southeast
3rd_imdc_fiocruz_zerolags,35,2,42135.47729915618,28666.995940170957,1.4698253485330106,Southeast
3rd_imdc_fiocruz_zerolags,35,3,18875.8,5586.86,3.3786062296173522,Southeast
3rd_imdc_fiocruz_zerolags,35,4,2254.39,4850.28,0.46479584683770836,Southeast
3rd_imdc_fiocruz_zerolags,41,1,3984.308838524065,1437.424925213675,2.7718378668936694,South
3rd_imdc_fiocruz_zerolags,41,2,12840.713695871353,6683.275253739316,1.9213204915788749,South
3rd_imdc_fiocruz_zerolags,41,3,2176.89,728.92,2.986459419415025,South
3rd_imdc_fiocruz_zerolags,41,4,358.05,1311.3,0.2730496453900709,South
3rd_imdc_fiocruz_zerolags,42,1,2786.2877917730048,1760.920769230769,1.5822902656717208,South
3rd_imdc_fiocruz_zerolags,42,2,6964.852052328746,4318.642099358976,1.6127412024632815,South
3rd_imdc_fiocruz_zerolags,42,3,489.14,548.67,0.8915012666994733,South
3rd_imdc_fiocruz_zerolags,42,4,43.61,594.26,0.073385386867701,South
3rd_imdc_fiocruz_zerolags,43,1,679.7223054477304,370.2973637820513,1.8356120564979221,South
3rd_imdc_fiocruz_zerolags,43,2,4185.726468778561,3349.2164823717967,1.2497628895622708,South
3rd_imdc_fiocruz_zerolags,43,3,1621.34,634.4599999999999,2.555464489487123,South
3rd_imdc_fiocruz_zerolags,43,4,154.72999999999996,286.01,0.5409950701024439,South
3rd_imdc_fiocruz_zerolags,50,1,856.1316133995758,257.81926014957264,3.320665852903678,Midwest
3rd_imdc_fiocruz_zerolags,50,2,293.9201519588474,155.00426816239312,1.8962068299365566,Midwest
3rd_imdc_fiocruz_zerolags,50,3,172.28,147.63,1.1669714827609565,Midwest
3rd_imdc_fiocruz_zerolags,50,4,76.06,220.94,0.344256359192541,Midwest
3rd_imdc_fiocruz_zerolags,51,1,441.70528996174255,102.4777911324786,4.310253812855179,Midwest
3rd_imdc_fiocruz_zerolags,51,2,722.4696262316874,202.04812232905985,3.575730464127046,Midwest
3rd_imdc_fiocruz_zerolags,51,3,621.74,135.48,4.589164452317686,Midwest
3rd_imdc_fiocruz_zerolags,51,4,225.96,122.88,1.8388671875000002,Midwest
3rd_imdc_fiocruz_zerolags,52,1,1245.6685457353528,312.7443643162392,3.983024757164814,Midwest
3rd_imdc_fiocruz_zerolags,52,2,6832.104720384094,4133.947003205129,1.6526831899603531,Midwest
3rd_imdc_fiocruz_zerolags,52,3,2202.48,267.54,8.232339089481947,Midwest
3rd_imdc_fiocruz_zerolags,52,4,2992.0099999999998,293.55,10.19250553568387,Midwest
3rd_imdc_fiocruz_zerolags,53,1,536.7302119304986,186.2505128205128,2.8817650153142855,Midwest
3rd_imdc_fiocruz_zerolags,53,2,5545.020885002624,4186.771407585471,1.3244145297630332,Midwest
3rd_imdc_fiocruz_zerolags,53,3,164.12,296.11,0.5542534868798757,Midwest
3rd_imdc_fiocruz_zerolags,53,4,45.75,284.16,0.16100084459459457,Midwest
3rd_imdc_ifgw_inframind-proteus,11,1,147.26052350427346,101.89453525641024,1.4452249390382221,North
3rd_imdc_ifgw_inframind-proteus,11,2,43.879065170940166,31.277812499999985,1.4028815209164702,North
3rd_imdc_ifgw_inframind-proteus,11,3,13.98,24.740000000000002,0.565076798706548,North
3rd_imdc_ifgw_inframind-proteus,11,4,11.84,26.55,0.4459510357815442,North
3rd_imdc_ifgw_inframind-proteus,12,1,27.64673076923077,30.96498397435897,0.8928385298737461,North
3rd_imdc_ifgw_inframind-proteus,12,2,84.62310363247863,58.973378739316246,1.434937347011157,North
3rd_imdc_ifgw_inframind-proteus,12,3,82.03,47.43,1.729496099515075,North
3rd_imdc_ifgw_inframind-proteus,12,4,19.45,40.95000000000001,0.47496947496947484,North
3rd_imdc_ifgw_inframind-proteus,13,1,25.010665064102565,22.90296207264957,1.0920275283505791,North
3rd_imdc_ifgw_inframind-proteus,13,2,56.20034455128204,57.59958066239316,0.9757075295510844,North
3rd_imdc_ifgw_inframind-proteus,13,3,17.97,18.51,0.9708265802269043,North
3rd_imdc_ifgw_inframind-proteus,13,4,32.09,32.42,0.9898210980876003,North
3rd_imdc_ifgw_inframind-proteus,14,1,2.3671100427350424,2.173453525641025,1.0891008318371573,North
3rd_imdc_ifgw_inframind-proteus,14,2,3.196551816239316,4.4362873931623925,0.7205466041641331,North
3rd_imdc_ifgw_inframind-proteus,14,3,5.5600000000000005,2.69,2.0669144981412644,North
3rd_imdc_ifgw_inframind-proteus,14,4,3.5499999999999994,5.0600000000000005,0.701581027667984,North
3rd_imdc_ifgw_inframind-proteus,15,1,17.359428418803414,18.409249465811964,0.9429731750358327,North
3rd_imdc_ifgw_inframind-proteus,15,2,224.02686698717952,197.2042361111112,1.136014476184759,North
3rd_imdc_ifgw_inframind-proteus,15,3,154.83,92.14,1.6803776861298025,North
3rd_imdc_ifgw_inframind-proteus,15,4,80.59,39.14,2.059018906489525,North
3rd_imdc_ifgw_inframind-proteus,16,1,10.111720085470088,8.522823183760684,1.1864284718163431,North
3rd_imdc_ifgw_inframind-proteus,16,2,179.43898237179488,180.8090598290599,0.9924225176627747,North
3rd_imdc_ifgw_inframind-proteus,16,3,22.65,17.47,1.296508299942759,North
3rd_imdc_ifgw_inframind-proteus,16,4,3.36,7.9399999999999995,0.4231738035264484,North
3rd_imdc_ifgw_inframind-proteus,17,1,18.146853632478635,32.95020566239315,0.5507356712249619,North
3rd_imdc_ifgw_inframind-proteus,17,2,25.292871260683764,29.62533653846153,0.8537581076200408,North
3rd_imdc_ifgw_inframind-proteus,17,3,29.240000000000002,32.61,0.896657467034652,North
3rd_imdc_ifgw_inframind-proteus,17,4,271.15,187.15,1.4488378306171519,North
3rd_imdc_ifgw_inframind-proteus,21,1,20.09886752136752,24.062783119658125,0.8352677835070426,Northeast
3rd_imdc_ifgw_inframind-proteus,21,2,108.7755528846154,58.10072382478632,1.8721892899759487,Northeast
3rd_imdc_ifgw_inframind-proteus,21,3,17.57,22.990000000000002,0.7642453240539364,Northeast
3rd_imdc_ifgw_inframind-proteus,21,4,165.79,67.28,2.464179548156956,Northeast
3rd_imdc_ifgw_inframind-proteus,22,1,24.081252670940167,28.55163461538461,0.8434281607808315,Northeast
3rd_imdc_ifgw_inframind-proteus,22,2,103.32352297008546,79.68833867521366,1.2965952696190832,Northeast
3rd_imdc_ifgw_inframind-proteus,22,3,24.699999999999996,26.300000000000004,0.939163498098859,Northeast
3rd_imdc_ifgw_inframind-proteus,22,4,134.03,94.01000000000002,1.425699393681523,Northeast
3rd_imdc_ifgw_inframind-proteus,23,1,85.56051014957266,119.86219017094014,0.7138240176285072,Northeast
3rd_imdc_ifgw_inframind-proteus,23,2,127.85790331196584,125.9489075854701,1.0151569057889627,Northeast
3rd_imdc_ifgw_inframind-proteus,23,3,157.65000000000003,191.48,0.823323584708586,Northeast
3rd_imdc_ifgw_inframind-proteus,23,4,125.84,101.86,1.2354211663066954,Northeast
3rd_imdc_ifgw_inframind-proteus,24,1,73.62761485042735,109.64313568376066,0.6715205141778191,Northeast
3rd_imdc_ifgw_inframind-proteus,24,2,88.62994123931625,99.9653472222222,0.8866066462240417,Northeast
3rd_imdc_ifgw_inframind-proteus,24,3,80.70000000000002,82.79999999999998,0.9746376811594207,Northeast
3rd_imdc_ifgw_inframind-proteus,24,4,65.43,77.37,0.8456766188445134,Northeast
3rd_imdc_ifgw_inframind-proteus,25,1,51.31280982905984,81.90579594017093,0.626485699089499,Northeast
3rd_imdc_ifgw_inframind-proteus,25,2,84.43198450854699,78.4289503205128,1.0765410497463221,Northeast
3rd_imdc_ifgw_inframind-proteus,25,3,57.730000000000004,67.79,0.8516005310517776,Northeast
3rd_imdc_ifgw_inframind-proteus,25,4,47.94,60.29,0.7951567424116769,Northeast
3rd_imdc_ifgw_inframind-proteus,26,1,43.02971688034188,194.26540331196577,0.22149963990881882,Northeast
3rd_imdc_ifgw_inframind-proteus,26,2,130.54095619658122,137.06076388888886,0.9524312610894752,Northeast
3rd_imdc_ifgw_inframind-proteus,26,3,126.11999999999999,113.78999999999999,1.1083575006591089,Northeast
3rd_imdc_ifgw_inframind-proteus,26,4,167.41,103.51000000000002,1.6173316587769295,Northeast
3rd_imdc_ifgw_inframind-proteus,27,1,35.59293269230769,63.17461805555554,0.563405585784585,Northeast
3rd_imdc_ifgw_inframind-proteus,27,2,79.39052884615384,98.23614316239316,0.8081600752068836,Northeast
3rd_imdc_ifgw_inframind-proteus,27,3,45.74,60.480000000000004,0.7562830687830687,Northeast
3rd_imdc_ifgw_inframind-proteus,27,4,45.04999999999999,45.78,0.9840541721275664,Northeast
3rd_imdc_ifgw_inframind-proteus,28,1,12.8166266025641,22.78627136752136,0.5624714283369945,Northeast
3rd_imdc_ifgw_inframind-proteus,28,2,14.180211004273502,22.27611912393161,0.6365655940957625,Northeast
3rd_imdc_ifgw_inframind-proteus,28,3,11.879999999999999,15.27,0.7779960707269155,Northeast
3rd_imdc_ifgw_inframind-proteus,28,4,11.07,11.32,0.9779151943462897,Northeast
3rd_imdc_ifgw_inframind-proteus,29,1,260.7375320512821,183.18042467948715,1.4233918963093217,Northeast
3rd_imdc_ifgw_inframind-proteus,29,2,3436.075809294872,3104.0630341880337,1.106960706483748,Northeast
3rd_imdc_ifgw_inframind-proteus,29,3,119.11999999999999,236.23,0.5042543284087542,Northeast
3rd_imdc_ifgw_inframind-proteus,29,4,151.07,302.3868506006006,0.49959182980326305,Northeast
3rd_imdc_ifgw_inframind-proteus,31,1,4222.010069444445,2416.086233974359,1.7474583523036835,Southeast
3rd_imdc_ifgw_inframind-proteus,31,2,30338.263413461533,25866.006260683767,1.1729009537732766,Southeast
3rd_imdc_ifgw_inframind-proteus,31,3,1533.73,1133.0,1.3536893203883495,Southeast
3rd_imdc_ifgw_inframind-proteus,31,4,489.2,2086.45,0.23446524000095859,Southeast
3rd_imdc_ifgw_inframind-proteus,33,1,211.59661057692315,234.75418002136752,0.9013539633571741,Southeast
3rd_imdc_ifgw_inframind-proteus,33,2,4154.586581196581,4730.010045405984,0.8783462490173183,Southeast
3rd_imdc_ifgw_inframind-proteus,33,3,216.98,236.55,0.9172690763052208,Southeast
3rd_imdc_ifgw_inframind-proteus,33,4,175.72,249.32,0.7047970479704797,Southeast
3rd_imdc_ifgw_inframind-proteus,35,1,1607.663541666666,1338.2324572649572,1.2013335448105666,Southeast
3rd_imdc_ifgw_inframind-proteus,35,2,34666.39620726497,28666.995940170957,1.2092790008278151,Southeast
3rd_imdc_ifgw_inframind-proteus,35,3,11146.54,5586.86,1.9951350132274661,Southeast
3rd_imdc_ifgw_inframind-proteus,35,4,1723.74,4850.28,0.3553897919295381,Southeast
3rd_imdc_ifgw_inframind-proteus,41,1,2613.960745192308,1437.424925213675,1.8185024479130552,South
3rd_imdc_ifgw_inframind-proteus,41,2,10581.813814102565,6683.275253739316,1.5833275471008024,South
3rd_imdc_ifgw_inframind-proteus,41,3,608.05,728.92,0.8341793338089227,South
3rd_imdc_ifgw_inframind-proteus,41,4,406.11,1311.3,0.3097002974147792,South
3rd_imdc_ifgw_inframind-proteus,42,1,2653.65969818376,1760.920769230769,1.5069727977272767,South
3rd_imdc_ifgw_inframind-proteus,42,2,6691.986899038461,4318.642099358976,1.5495581122667619,South
3rd_imdc_ifgw_inframind-proteus,42,3,223.64,548.67,0.40760384201797073,South
3rd_imdc_ifgw_inframind-proteus,42,4,104.45,594.26,0.17576481674687847,South
3rd_imdc_ifgw_inframind-proteus,43,1,629.4290251068376,370.2973637820513,1.699793427309694,South
3rd_imdc_ifgw_inframind-proteus,43,2,4056.2895352564105,3349.2164823717967,1.2111159599883163,South
3rd_imdc_ifgw_inframind-proteus,43,3,1182.73,634.4599999999999,1.8641521924155977,South
3rd_imdc_ifgw_inframind-proteus,43,4,151.51,286.01,0.5297367224922206,South
3rd_imdc_ifgw_inframind-proteus,50,1,383.012905982906,257.81926014957264,1.485586863296027,Midwest
3rd_imdc_ifgw_inframind-proteus,50,2,68.85149305555555,155.00426816239312,0.44419094952548016,Midwest
3rd_imdc_ifgw_inframind-proteus,50,3,49.87,147.63,0.33780396938291674,Midwest
3rd_imdc_ifgw_inframind-proteus,50,4,113.77,220.94,0.514936181768806,Midwest
3rd_imdc_ifgw_inframind-proteus,51,1,146.38518429487175,102.4777911324786,1.4284576460633474,Midwest
3rd_imdc_ifgw_inframind-proteus,51,2,248.4722035256409,202.04812232905985,1.2297674467915807,Midwest
3rd_imdc_ifgw_inframind-proteus,51,3,250.54,135.48,1.8492766459994097,Midwest
3rd_imdc_ifgw_inframind-proteus,51,4,54.0,122.88,0.439453125,Midwest
3rd_imdc_ifgw_inframind-proteus,52,1,201.43269230769232,312.7443643162392,0.6440809660889961,Midwest
3rd_imdc_ifgw_inframind-proteus,52,2,4477.331883012821,4133.947003205129,1.0830646545641391,Midwest
3rd_imdc_ifgw_inframind-proteus,52,3,446.31,267.54,1.6681991477909843,Midwest
3rd_imdc_ifgw_inframind-proteus,52,4,521.64,293.55,1.777005620848237,Midwest
3rd_imdc_ifgw_inframind-proteus,53,1,210.4510870726496,186.2505128205128,1.1299356113744428,Midwest
3rd_imdc_ifgw_inframind-proteus,53,2,4898.076244658119,4186.771407585471,1.1698934018188638,Midwest
3rd_imdc_ifgw_inframind-proteus,53,3,98.86999999999999,296.11,0.33389618722771935,Midwest
3rd_imdc_ifgw_inframind-proteus,53,4,114.11,284.16,0.40156953828828823,Midwest
3rd_imdc_isi_isi-dengue,11,1,239.78,101.89453525641024,2.3532174654569156,North
3rd_imdc_isi_isi-dengue,11,2,105.26,31.277812499999985,3.365324860873824,North
3rd_imdc_isi_isi-dengue,11,3,46.88,24.740000000000002,1.8949070331447049,North
3rd_imdc_isi_isi-dengue,11,4,38.54,26.55,1.4516007532956685,North
3rd_imdc_isi_isi-dengue,12,1,95.67,30.96498397435897,3.0896189088688377,North
3rd_imdc_isi_isi-dengue,12,2,168.01000000000002,58.973378739316246,2.8489125702406377,North
3rd_imdc_isi_isi-dengue,12,3,144.8,47.43,3.0529200927682902,North
3rd_imdc_isi_isi-dengue,12,4,68.66,40.95000000000001,1.6766788766788763,North
3rd_imdc_isi_isi-dengue,13,1,118.36,22.90296207264957,5.167890494886861,North
3rd_imdc_isi_isi-dengue,13,2,191.90000000000003,57.59958066239316,3.3316214769822414,North
3rd_imdc_isi_isi-dengue,13,3,110.4,18.51,5.964343598055105,North
3rd_imdc_isi_isi-dengue,13,4,37.14,32.42,1.1455891425046267,North
3rd_imdc_isi_isi-dengue,14,1,3.86,2.173453525641025,1.7759754024929315,North
3rd_imdc_isi_isi-dengue,14,2,12.46,4.4362873931623925,2.8086548268276035,North
3rd_imdc_isi_isi-dengue,14,3,7.75,2.69,2.8810408921933086,North
3rd_imdc_isi_isi-dengue,14,4,13.06,5.0600000000000005,2.5810276679841895,North
3rd_imdc_isi_isi-dengue,15,1,108.11,18.409249465811964,5.872591394927444,North
3rd_imdc_isi_isi-dengue,15,2,384.19,197.2042361111112,1.948183302632176,North
3rd_imdc_isi_isi-dengue,15,3,265.5,92.14,2.8814846971999133,North
3rd_imdc_isi_isi-dengue,15,4,243.26,39.14,6.215125191619826,North
3rd_imdc_isi_isi-dengue,16,1,15.18,8.522823183760684,1.7810999562825431,North
3rd_imdc_isi_isi-dengue,16,2,200.8,180.8090598290599,1.1105638190356164,North
3rd_imdc_isi_isi-dengue,16,3,16.4,17.47,0.9387521465369204,North
3rd_imdc_isi_isi-dengue,16,4,4.07,7.9399999999999995,0.5125944584382872,North
3rd_imdc_isi_isi-dengue,17,1,81.5,32.95020566239315,2.4734291747689414,North
3rd_imdc_isi_isi-dengue,17,2,44.3,29.62533653846153,1.4953416627853955,North
3rd_imdc_isi_isi-dengue,17,3,47.78,32.61,1.4651947255443116,North
3rd_imdc_isi_isi-dengue,17,4,409.8500000000001,187.15,2.189954581886188,North
3rd_imdc_isi_isi-dengue,21,1,91.57,24.062783119658125,3.8054617183991386,Northeast
3rd_imdc_isi_isi-dengue,21,2,204.68,58.10072382478632,3.5228476777200077,Northeast
3rd_imdc_isi_isi-dengue,21,3,63.26,22.990000000000002,2.7516311439756413,Northeast
3rd_imdc_isi_isi-dengue,21,4,240.68,67.28,3.5772889417360285,Northeast
3rd_imdc_isi_isi-dengue,22,1,346.01,28.55163461538461,12.11874572720813,Northeast
3rd_imdc_isi_isi-dengue,22,2,193.78,79.68833867521366,2.4317234268089156,Northeast
3rd_imdc_isi_isi-dengue,22,3,62.309999999999995,26.300000000000004,2.3692015209125468,Northeast
3rd_imdc_isi_isi-dengue,22,4,278.44,94.01000000000002,2.9618125731305174,Northeast
3rd_imdc_isi_isi-dengue,23,1,149.26,119.86219017094014,1.2452634128171234,Northeast
3rd_imdc_isi_isi-dengue,23,2,74.07,125.9489075854701,0.5880956128955339,Northeast
3rd_imdc_isi_isi-dengue,23,3,44.83,191.48,0.23412366826822645,Northeast
3rd_imdc_isi_isi-dengue,23,4,167.75,101.86,1.6468682505399568,Northeast
3rd_imdc_isi_isi-dengue,24,1,408.19,109.64313568376066,3.722896079671838,Northeast
3rd_imdc_isi_isi-dengue,24,2,157.63,99.9653472222222,1.576846421086196,Northeast
3rd_imdc_isi_isi-dengue,24,3,65.71,82.79999999999998,0.7935990338164252,Northeast
3rd_imdc_isi_isi-dengue,24,4,69.7,77.37,0.9008659687217268,Northeast
3rd_imdc_isi_isi-dengue,25,1,196.53,81.90579594017093,2.3994638931725625,Northeast
3rd_imdc_isi_isi-dengue,25,2,129.35,78.4289503205128,1.649263434884567,Northeast
3rd_imdc_isi_isi-dengue,25,3,31.64,67.79,0.4667355067119044,Northeast
3rd_imdc_isi_isi-dengue,25,4,39.01,60.29,0.6470393100016586,Northeast
3rd_imdc_isi_isi-dengue,26,1,313.84,194.26540331196577,1.6155218306988635,Northeast
3rd_imdc_isi_isi-dengue,26,2,128.92,137.06076388888886,0.9406047094886444,Northeast
3rd_imdc_isi_isi-dengue,26,3,111.72,113.78999999999999,0.9818085947798577,Northeast
3rd_imdc_isi_isi-dengue,26,4,163.85999999999999,103.51000000000002,1.5830354555115442,Northeast
3rd_imdc_isi_isi-dengue,27,1,661.08,63.17461805555554,10.464329193389798,Northeast
3rd_imdc_isi_isi-dengue,27,2,84.08,98.23614316239316,0.85589679412605,Northeast
3rd_imdc_isi_isi-dengue,27,3,243.23,60.480000000000004,4.021660052910052,Northeast
3rd_imdc_isi_isi-dengue,27,4,50.480000000000004,45.78,1.1026649191786808,Northeast
3rd_imdc_isi_isi-dengue,28,1,96.33,22.78627136752136,4.227545544696046,Northeast
3rd_imdc_isi_isi-dengue,28,2,23.86,22.27611912393161,1.0711021909721608,Northeast
3rd_imdc_isi_isi-dengue,28,3,26.46,15.27,1.732809430255403,Northeast
3rd_imdc_isi_isi-dengue,28,4,11.1,11.32,0.980565371024735,Northeast
3rd_imdc_isi_isi-dengue,29,1,358.30000000000007,183.18042467948715,1.955995028545881,Northeast
3rd_imdc_isi_isi-dengue,29,2,3572.5,3104.0630341880337,1.1509109063355412,Northeast
3rd_imdc_isi_isi-dengue,29,3,68.24,236.23,0.2888710155357067,Northeast
3rd_imdc_isi_isi-dengue,29,4,119.36,302.3868506006006,0.39472615876956035,Northeast
3rd_imdc_isi_isi-dengue,31,1,3695.8399999999997,2416.086233974359,1.529680500650219,Southeast
3rd_imdc_isi_isi-dengue,31,2,25409.83,25866.006260683767,0.9823638695480735,Southeast
3rd_imdc_isi_isi-dengue,31,3,1795.35,1133.0,1.5845984112974403,Southeast
3rd_imdc_isi_isi-dengue,31,4,625.37,2086.45,0.29972920510915674,Southeast
3rd_imdc_isi_isi-dengue,33,1,639.5400000000001,234.75418002136752,2.724296538369577,Southeast
3rd_imdc_isi_isi-dengue,33,2,5954.9400000000005,4730.010045405984,1.2589698421008066,Southeast
3rd_imdc_isi_isi-dengue,33,3,354.75,236.55,1.4996829422954978,Southeast
3rd_imdc_isi_isi-dengue,33,4,97.62,249.32,0.39154500240654583,Southeast
3rd_imdc_isi_isi-dengue,35,1,3198.39,1338.2324572649572,2.3900107807404263,Southeast
3rd_imdc_isi_isi-dengue,35,2,29727.88,28666.995940170957,1.0370071584076388,Southeast
3rd_imdc_isi_isi-dengue,35,3,9109.47,5586.86,1.630516963016793,Southeast
3rd_imdc_isi_isi-dengue,35,4,2074.08,4850.28,0.42762067344565674,Southeast
3rd_imdc_isi_isi-dengue,41,1,1643.0,1437.424925213675,1.1430162168335616,South
3rd_imdc_isi_isi-dengue,41,2,9606.26,6683.275253739316,1.4373581268593214,South
3rd_imdc_isi_isi-dengue,41,3,4042.71,728.92,5.546164188113923,South
3rd_imdc_isi_isi-dengue,41,4,830.3100000000001,1311.3,0.6331960649736903,South
3rd_imdc_isi_isi-dengue,42,1,2501.79,1760.920769230769,1.4207283165232176,South
3rd_imdc_isi_isi-dengue,42,2,5698.99,4318.642099358976,1.3196254444993047,South
3rd_imdc_isi_isi-dengue,42,3,8106.71,548.67,14.775201851750598,South
3rd_imdc_isi_isi-dengue,42,4,1133.88,594.26,1.9080537138626192,South
3rd_imdc_isi_isi-dengue,43,1,917.31,370.2973637820513,2.4772253051736763,South
3rd_imdc_isi_isi-dengue,43,2,1945.9,3349.2164823717967,0.5810015596907556,South
3rd_imdc_isi_isi-dengue,43,3,2744.02,634.4599999999999,4.324969265201904,South
3rd_imdc_isi_isi-dengue,43,4,3365.4700000000003,286.01,11.766966189993358,South
3rd_imdc_isi_isi-dengue,50,1,485.65999999999997,257.81926014957264,1.8837227277676873,Midwest
3rd_imdc_isi_isi-dengue,50,2,225.71,155.00426816239312,1.4561534509716256,Midwest
3rd_imdc_isi_isi-dengue,50,3,106.6,147.63,0.7220754589175642,Midwest
3rd_imdc_isi_isi-dengue,50,4,207.05000000000004,220.94,0.9371322531003894,Midwest
3rd_imdc_isi_isi-dengue,51,1,249.76000000000002,102.4777911324786,2.4372110019147635,Midwest
3rd_imdc_isi_isi-dengue,51,2,570.6,202.04812232905985,2.8240796965720314,Midwest
3rd_imdc_isi_isi-dengue,51,3,428.35,135.48,3.161721287274875,Midwest
3rd_imdc_isi_isi-dengue,51,4,73.53,122.88,0.598388671875,Midwest
3rd_imdc_isi_isi-dengue,52,1,295.84831851019834,312.7443643162392,0.9459748992024808,Midwest
3rd_imdc_isi_isi-dengue,52,2,5652.11,4133.947003205129,1.3672429752045225,Midwest
3rd_imdc_isi_isi-dengue,52,3,629.62,267.54,2.3533677207146595,Midwest
3rd_imdc_isi_isi-dengue,52,4,3072.92,293.55,10.468131493783002,Midwest
3rd_imdc_isi_isi-dengue,53,1,79.99,186.2505128205128,0.42947532755029416,Midwest
3rd_imdc_isi_isi-dengue,53,2,4934.28,4186.771407585471,1.1785405792779167,Midwest
3rd_imdc_isi_isi-dengue,53,3,173.15000000000003,296.11,0.5847489108777144,Midwest
3rd_imdc_isi_isi-dengue,53,4,86.97,284.16,0.3060599662162162,Midwest
3rd_imdc_lncc_clidengo26dengue,11,1,199.38,101.89453525641024,1.956729077749603,North
3rd_imdc_lncc_clidengo26dengue,11,2,76.58,31.277812499999985,2.4483809409625445,North
3rd_imdc_lncc_clidengo26dengue,11,3,18.02,24.740000000000002,0.7283751010509296,North
3rd_imdc_lncc_clidengo26dengue,11,4,22.080000000000002,26.55,0.8316384180790961,North
3rd_imdc_lncc_clidengo26dengue,12,1,34.28,30.96498397435897,1.1070569268947816,North
3rd_imdc_lncc_clidengo26dengue,12,2,103.14,58.973378739316246,1.7489247217107275,North
3rd_imdc_lncc_clidengo26dengue,12,3,125.53999999999999,47.43,2.6468479865064305,North
3rd_imdc_lncc_clidengo26dengue,12,4,10.279999999999998,40.95000000000001,0.2510378510378509,North
3rd_imdc_lncc_clidengo26dengue,13,1,29.38,22.90296207264957,1.2828035040535315,North
3rd_imdc_lncc_clidengo26dengue,13,2,162.01000000000002,57.59958066239316,2.8126940879931883,North
3rd_imdc_lncc_clidengo26dengue,13,3,38.62,18.51,2.086439762290653,North
3rd_imdc_lncc_clidengo26dengue,13,4,15.65,32.42,0.48272671190623073,North
3rd_imdc_lncc_clidengo26dengue,14,1,3.83,2.173453525641025,1.7621724848569762,North
3rd_imdc_lncc_clidengo26dengue,14,2,8.85,4.4362873931623925,1.9949113336616604,North
3rd_imdc_lncc_clidengo26dengue,14,3,5.53,2.69,2.055762081784387,North
3rd_imdc_lncc_clidengo26dengue,14,4,11.4,5.0600000000000005,2.2529644268774702,North
3rd_imdc_lncc_clidengo26dengue,15,1,48.97,18.409249465811964,2.6600758543113217,North
3rd_imdc_lncc_clidengo26dengue,15,2,362.89,197.2042361111112,1.8401734524380913,North
3rd_imdc_lncc_clidengo26dengue,15,3,227.04,92.14,2.464076405469937,North
3rd_imdc_lncc_clidengo26dengue,15,4,165.07,39.14,4.217424629535002,North
3rd_imdc_lncc_clidengo26dengue,16,1,11.900000000000002,8.522823183760684,1.3962509538710322,North
3rd_imdc_lncc_clidengo26dengue,16,2,200.71,180.8090598290599,1.110066056367722,North
3rd_imdc_lncc_clidengo26dengue,16,3,46.85000000000001,17.47,2.6817401259301668,North
3rd_imdc_lncc_clidengo26dengue,16,4,4.38,7.9399999999999995,0.5516372795969774,North
3rd_imdc_lncc_clidengo26dengue,17,1,70.93,32.95020566239315,2.152642102654737,North
3rd_imdc_lncc_clidengo26dengue,17,2,36.84,29.62533653846153,1.243530177359232,North
3rd_imdc_lncc_clidengo26dengue,17,3,11.26,32.61,0.3452928549524686,North
3rd_imdc_lncc_clidengo26dengue,17,4,482.1499999999999,187.15,2.5762757146673785,North
3rd_imdc_lncc_clidengo26dengue,21,1,48.230000000000004,24.062783119658125,2.004340053274986,Northeast
3rd_imdc_lncc_clidengo26dengue,21,2,160.77,58.10072382478632,2.76709117230333,Northeast
3rd_imdc_lncc_clidengo26dengue,21,3,59.64,22.990000000000002,2.594171378860374,Northeast
3rd_imdc_lncc_clidengo26dengue,21,4,283.42,67.28,4.212544589774079,Northeast
3rd_imdc_lncc_clidengo26dengue,22,1,99.65,28.55163461538461,3.4901679480832644,Northeast
3rd_imdc_lncc_clidengo26dengue,22,2,225.48999999999998,79.68833867521366,2.8296486505890304,Northeast
3rd_imdc_lncc_clidengo26dengue,22,3,118.56,26.300000000000004,4.507984790874524,Northeast
3rd_imdc_lncc_clidengo26dengue,22,4,308.76,94.01000000000002,3.2843314541006268,Northeast
3rd_imdc_lncc_clidengo26dengue,23,1,266.19,119.86219017094014,2.2208004010303504,Northeast
3rd_imdc_lncc_clidengo26dengue,23,2,85.78999999999999,125.9489075854701,0.6811492187161854,Northeast
3rd_imdc_lncc_clidengo26dengue,23,3,30.25,191.48,0.15797994568623355,Northeast
3rd_imdc_lncc_clidengo26dengue,23,4,208.9,101.86,2.0508541134891027,Northeast
3rd_imdc_lncc_clidengo26dengue,24,1,48.45,109.64313568376066,0.4418881282248477,Northeast
3rd_imdc_lncc_clidengo26dengue,24,2,241.82,99.9653472222222,2.4190382639539676,Northeast
3rd_imdc_lncc_clidengo26dengue,24,3,72.38,82.79999999999998,0.8741545893719808,Northeast
3rd_imdc_lncc_clidengo26dengue,24,4,74.13,77.37,0.9581233036060487,Northeast
3rd_imdc_lncc_clidengo26dengue,25,1,59.54,81.90579594017093,0.7269326830483609,Northeast
3rd_imdc_lncc_clidengo26dengue,25,2,174.61,78.4289503205128,2.2263462571719694,Northeast
3rd_imdc_lncc_clidengo26dengue,25,3,47.059999999999995,67.79,0.6942026847617642,Northeast
3rd_imdc_lncc_clidengo26dengue,25,4,60.88000000000001,60.29,1.0097860341681872,Northeast
3rd_imdc_lncc_clidengo26dengue,26,1,105.53999999999999,194.26540331196577,0.5432773834181687,Northeast
3rd_imdc_lncc_clidengo26dengue,26,2,324.80000000000007,137.06076388888886,2.369751858842009,Northeast
3rd_imdc_lncc_clidengo26dengue,26,3,198.41,113.78999999999999,1.743650584409878,Northeast
3rd_imdc_lncc_clidengo26dengue,26,4,312.13,103.51000000000002,3.0154574437252433,Northeast
3rd_imdc_lncc_clidengo26dengue,27,1,23.259999999999998,63.17461805555554,0.36818584292104833,Northeast
3rd_imdc_lncc_clidengo26dengue,27,2,274.2,98.23614316239316,2.7912333604824324,Northeast
3rd_imdc_lncc_clidengo26dengue,27,3,84.88000000000001,60.480000000000004,1.4034391534391535,Northeast
3rd_imdc_lncc_clidengo26dengue,27,4,45.82,45.78,1.00087374399301,Northeast
3rd_imdc_lncc_clidengo26dengue,28,1,36.82,22.78627136752136,1.6158852585457117,Northeast
3rd_imdc_lncc_clidengo26dengue,28,2,20.25,22.27611912393161,0.909045237518284,Northeast
3rd_imdc_lncc_clidengo26dengue,28,3,7.72,15.27,0.5055664702030125,Northeast
3rd_imdc_lncc_clidengo26dengue,28,4,17.41,11.32,1.5379858657243817,Northeast
3rd_imdc_lncc_clidengo26dengue,29,1,864.9599999999999,183.18042467948715,4.7219019254564465,Northeast
3rd_imdc_lncc_clidengo26dengue,29,2,4556.54,3104.0630341880337,1.467927664423834,Northeast
3rd_imdc_lncc_clidengo26dengue,29,3,269.22,236.23,1.1396520340346274,Northeast
3rd_imdc_lncc_clidengo26dengue,29,4,244.17000000000002,302.3868506006006,0.8074755880258341,Northeast
3rd_imdc_lncc_clidengo26dengue,31,1,6044.64,2416.086233974359,2.501831232263935,Southeast
3rd_imdc_lncc_clidengo26dengue,31,2,33069.28,25866.006260683767,1.2784841875749942,Southeast
3rd_imdc_lncc_clidengo26dengue,31,3,2914.21,1133.0,2.572118270079435,Southeast
3rd_imdc_lncc_clidengo26dengue,31,4,1432.78,2086.45,0.6867070861990463,Southeast
3rd_imdc_lncc_clidengo26dengue,32,1,2328.56,,,Southeast
3rd_imdc_lncc_clidengo26dengue,32,2,3011.07,1164.8850293803416,2.584864535173684,Southeast
3rd_imdc_lncc_clidengo26dengue,32,3,534.45,418.56,1.2768778669724772,Southeast
3rd_imdc_lncc_clidengo26dengue,32,4,278.41,343.26,0.811076152187846,Southeast
3rd_imdc_lncc_clidengo26dengue,33,1,722.59,234.75418002136752,3.078070856647704,Southeast
3rd_imdc_lncc_clidengo26dengue,33,2,5562.5599999999995,4730.010045405984,1.1760144157415964,Southeast
3rd_imdc_lncc_clidengo26dengue,33,3,284.27,236.55,1.201733248784612,Southeast
3rd_imdc_lncc_clidengo26dengue,33,4,158.34,249.32,0.6350874378309,Southeast
3rd_imdc_lncc_clidengo26dengue,35,1,5865.92,1338.2324572649572,4.383334127158002,Southeast
3rd_imdc_lncc_clidengo26dengue,35,2,40979.59999999999,28666.995940170957,1.4295045105362933,Southeast
3rd_imdc_lncc_clidengo26dengue,35,3,18906.9,5586.86,3.38417286275296,Southeast
3rd_imdc_lncc_clidengo26dengue,35,4,2269.31,4850.28,0.46787195790758473,Southeast
3rd_imdc_lncc_clidengo26dengue,41,1,3621.18,1437.424925213675,2.519213307409225,South
3rd_imdc_lncc_clidengo26dengue,41,2,12202.23,6683.275253739316,1.825785941282728,South
3rd_imdc_lncc_clidengo26dengue,41,3,1940.07,728.92,2.6615677989354114,South
3rd_imdc_lncc_clidengo26dengue,41,4,179.81,1311.3,0.137123465263479,South
3rd_imdc_lncc_clidengo26dengue,42,1,2843.5,1760.920769230769,1.6147802045870234,South
3rd_imdc_lncc_clidengo26dengue,42,2,6939.64,4318.642099358976,1.6069032442003155,South
3rd_imdc_lncc_clidengo26dengue,42,3,517.09,548.67,0.9424426340058689,South
3rd_imdc_lncc_clidengo26dengue,42,4,48.160000000000004,594.26,0.08104196816208395,South
3rd_imdc_lncc_clidengo26dengue,43,1,727.49,370.2973637820513,1.964610259629567,South
3rd_imdc_lncc_clidengo26dengue,43,2,4205.92,3349.2164823717967,1.2557922195048785,South
3rd_imdc_lncc_clidengo26dengue,43,3,1721.52,634.4599999999999,2.713362544526054,South
3rd_imdc_lncc_clidengo26dengue,43,4,114.39,286.01,0.39995105066256426,South
3rd_imdc_lncc_clidengo26dengue,50,1,848.62,257.81926014957264,3.2915306618585323,Midwest
3rd_imdc_lncc_clidengo26dengue,50,2,290.12,155.00426816239312,1.8716903956222055,Midwest
3rd_imdc_lncc_clidengo26dengue,50,3,104.78,147.63,0.7097473413262887,Midwest
3rd_imdc_lncc_clidengo26dengue,50,4,61.26,220.94,0.27726984701728974,Midwest
3rd_imdc_lncc_clidengo26dengue,51,1,390.57,102.4777911324786,3.8112648182969613,Midwest
3rd_imdc_lncc_clidengo26dengue,51,2,814.67,202.04812232905985,4.032059247119412,Midwest
3rd_imdc_lncc_clidengo26dengue,51,3,500.78,135.48,3.6963389430174196,Midwest
3rd_imdc_lncc_clidengo26dengue,51,4,315.7,122.88,2.5691731770833335,Midwest
3rd_imdc_lncc_clidengo26dengue,52,1,1317.8600000000001,312.7443643162392,4.21385690796146,Midwest
3rd_imdc_lncc_clidengo26dengue,52,2,6913.929999999999,4133.947003205129,1.67247668986552,Midwest
3rd_imdc_lncc_clidengo26dengue,52,3,2259.85,267.54,8.446774314121251,Midwest
3rd_imdc_lncc_clidengo26dengue,52,4,3049.1999999999994,293.55,10.38732754215636,Midwest
3rd_imdc_lncc_clidengo26dengue,53,1,445.81,186.2505128205128,2.393604147708422,Midwest
3rd_imdc_lncc_clidengo26dengue,53,2,5588.24,4186.771407585471,1.3347373085321517,Midwest
3rd_imdc_lncc_clidengo26dengue,53,3,120.58,296.11,0.4072135355104522,Midwest
3rd_imdc_lncc_clidengo26dengue,53,4,41.95000000000001,284.16,0.14762809684684686,Midwest
3rd_imdc_lncc_lncc_arp26_dengue,11,1,69.12500000000001,101.89453525641024,0.6783975198086133,North
3rd_imdc_lncc_lncc_arp26_dengue,11,2,35.00651709401709,31.277812499999985,1.11921244792989,North
3rd_imdc_lncc_lncc_arp26_dengue,11,3,16.9,24.740000000000002,0.6831042845594179,North
3rd_imdc_lncc_lncc_arp26_dengue,11,4,21.03,26.55,0.792090395480226,North
3rd_imdc_lncc_lncc_arp26_dengue,12,1,26.34935897435897,30.96498397435897,0.8509405009276918,North
3rd_imdc_lncc_lncc_arp26_dengue,12,2,94.82735042735042,58.973378739316246,1.607968755640096,North
3rd_imdc_lncc_lncc_arp26_dengue,12,3,53.26,47.43,1.1229179843980603,North
3rd_imdc_lncc_lncc_arp26_dengue,12,4,39.79999999999999,40.95000000000001,0.9719169719169715,North
3rd_imdc_lncc_lncc_arp26_dengue,13,1,25.38461538461539,22.90296207264957,1.108355124725521,North
3rd_imdc_lncc_lncc_arp26_dengue,13,2,58.40106837606838,57.59958066239316,1.0139148185535058,North
3rd_imdc_lncc_lncc_arp26_dengue,13,3,17.67,18.51,0.9546191247974068,North
3rd_imdc_lncc_lncc_arp26_dengue,13,4,35.76,32.42,1.1030228254164096,North
3rd_imdc_lncc_lncc_arp26_dengue,14,1,1.5158119658119658,2.173453525641025,0.6974209238566081,North
3rd_imdc_lncc_lncc_arp26_dengue,14,2,4.499679487179487,4.4362873931623925,1.0142894470982202,North
3rd_imdc_lncc_lncc_arp26_dengue,14,3,5.069999999999999,2.69,1.8847583643122674,North
3rd_imdc_lncc_lncc_arp26_dengue,14,4,5.16,5.0600000000000005,1.0197628458498023,North
3rd_imdc_lncc_lncc_arp26_dengue,15,1,20.518803418803422,18.409249465811964,1.1145920672599465,North
3rd_imdc_lncc_lncc_arp26_dengue,15,2,181.60235042735044,197.2042361111112,0.9208846321385807,North
3rd_imdc_lncc_lncc_arp26_dengue,15,3,55.440000000000005,92.14,0.601693075754287,North
3rd_imdc_lncc_lncc_arp26_dengue,15,4,35.7,39.14,0.9121103730199285,North
3rd_imdc_lncc_lncc_arp26_dengue,16,1,8.402670940170939,8.522823183760684,0.9859022954015189,North
3rd_imdc_lncc_lncc_arp26_dengue,16,2,188.36388888888888,180.8090598290599,1.041783465203411,North
3rd_imdc_lncc_lncc_arp26_dengue,16,3,12.95,17.47,0.7412707498568976,North
3rd_imdc_lncc_lncc_arp26_dengue,16,4,12.16,7.9399999999999995,1.531486146095718,North
3rd_imdc_lncc_lncc_arp26_dengue,17,1,14.314529914529912,32.95020566239315,0.4344291523153503,North
3rd_imdc_lncc_lncc_arp26_dengue,17,2,24.52532051282051,29.62533653846153,0.8278495159364739,North
3rd_imdc_lncc_lncc_arp26_dengue,17,3,35.07,32.61,1.0754369825206993,North
3rd_imdc_lncc_lncc_arp26_dengue,17,4,153.21,187.15,0.8186481432006412,North
3rd_imdc_lncc_lncc_arp26_dengue,21,1,39.33856837606837,24.062783119658125,1.63483035941635,Northeast
3rd_imdc_lncc_lncc_arp26_dengue,21,2,101.27029914529916,58.10072382478632,1.7430126937953274,Northeast
3rd_imdc_lncc_lncc_arp26_dengue,21,3,29.1,22.990000000000002,1.2657677250978685,Northeast
3rd_imdc_lncc_lncc_arp26_dengue,21,4,91.84999999999998,67.28,1.3651902497027346,Northeast
3rd_imdc_lncc_lncc_arp26_dengue,22,1,30.351495726495727,28.55163461538461,1.0630388114500908,Northeast
3rd_imdc_lncc_lncc_arp26_dengue,22,2,62.30064102564102,79.68833867521366,0.7818037376781086,Northeast
3rd_imdc_lncc_lncc_arp26_dengue,22,3,27.04,26.300000000000004,1.0281368821292773,Northeast
3rd_imdc_lncc_lncc_arp26_dengue,22,4,109.03,94.01000000000002,1.1597702372088075,Northeast
3rd_imdc_lncc_lncc_arp26_dengue,23,1,157.90801282051282,119.86219017094014,1.3174130440576304,Northeast
3rd_imdc_lncc_lncc_arp26_dengue,23,2,72.19871794871796,125.9489075854701,0.573238143409249,Northeast
3rd_imdc_lncc_lncc_arp26_dengue,23,3,143.33,191.48,0.7485377062878631,Northeast
3rd_imdc_lncc_lncc_arp26_dengue,23,4,59.85,101.86,0.5875711761240919,Northeast
3rd_imdc_lncc_lncc_arp26_dengue,24,1,213.86837606837605,109.64313568376066,1.9505860967459752,Northeast
3rd_imdc_lncc_lncc_arp26_dengue,24,2,93.21666666666668,99.9653472222222,0.9324898002849602,Northeast
3rd_imdc_lncc_lncc_arp26_dengue,24,3,77.22,82.79999999999998,0.9326086956521741,Northeast
3rd_imdc_lncc_lncc_arp26_dengue,24,4,46.93,77.37,0.6065658523975701,Northeast
3rd_imdc_lncc_lncc_arp26_dengue,25,1,37.85267094017094,81.90579594017093,0.46214886877872324,Northeast
3rd_imdc_lncc_lncc_arp26_dengue,25,2,97.34658119658118,78.4289503205128,1.2412072429728866,Northeast
3rd_imdc_lncc_lncc_arp26_dengue,25,3,31.6,67.79,0.46614544918129514,Northeast
3rd_imdc_lncc_lncc_arp26_dengue,25,4,30.46,60.29,0.5052247470558965,Northeast
3rd_imdc_lncc_lncc_arp26_dengue,26,1,65.10523504273505,194.26540331196577,0.3351355101463138,Northeast
3rd_imdc_lncc_lncc_arp26_dengue,26,2,109.29861111111114,137.06076388888886,0.7974463880831448,Northeast
3rd_imdc_lncc_lncc_arp26_dengue,26,3,107.07,113.78999999999999,0.9409438439230161,Northeast
3rd_imdc_lncc_lncc_arp26_dengue,26,4,121.94,103.51000000000002,1.1780504299101533,Northeast
3rd_imdc_lncc_lncc_arp26_dengue,27,1,55.918696581196585,63.17461805555554,0.8851449886411957,Northeast
3rd_imdc_lncc_lncc_arp26_dengue,27,2,91.5147435897436,98.23614316239316,0.9315791585838373,Northeast
3rd_imdc_lncc_lncc_arp26_dengue,27,3,61.54,60.480000000000004,1.017526455026455,Northeast
3rd_imdc_lncc_lncc_arp26_dengue,27,4,41.17,45.78,0.8993010048055919,Northeast
3rd_imdc_lncc_lncc_arp26_dengue,28,1,20.142307692307693,22.78627136752136,0.8839668135005947,Northeast
3rd_imdc_lncc_lncc_arp26_dengue,28,2,16.556944444444447,22.27611912393161,0.7432598269173845,Northeast
3rd_imdc_lncc_lncc_arp26_dengue,28,3,6.91,15.27,0.45252128356254095,Northeast
3rd_imdc_lncc_lncc_arp26_dengue,28,4,5.97,11.32,0.5273851590106007,Northeast
3rd_imdc_lncc_lncc_arp26_dengue,29,1,224.6441239316239,183.18042467948715,1.226354422557357,Northeast
3rd_imdc_lncc_lncc_arp26_dengue,29,2,3335.5854700854707,3104.0630341880337,1.0745868989603167,Northeast
3rd_imdc_lncc_lncc_arp26_dengue,29,3,217.15000000000003,236.23,0.9192312576726074,Northeast
3rd_imdc_lncc_lncc_arp26_dengue,29,4,109.91,302.3868506006006,0.3634747998522317,Northeast
3rd_imdc_lncc_lncc_arp26_dengue,31,1,3354.928952991453,2416.086233974359,1.3885799711183064,Southeast
3rd_imdc_lncc_lncc_arp26_dengue,31,2,30172.324038461546,25866.006260683767,1.1664856079588664,Southeast
3rd_imdc_lncc_lncc_arp26_dengue,31,3,731.66,1133.0,0.6457722859664607,Southeast
3rd_imdc_lncc_lncc_arp26_dengue,31,4,464.0,2086.45,0.22238730858635483,Southeast
3rd_imdc_lncc_lncc_arp26_dengue,32,1,1151.21047008547,,,Southeast
3rd_imdc_lncc_lncc_arp26_dengue,32,2,2223.974893162393,1164.8850293803416,1.9091797362572616,Southeast
3rd_imdc_lncc_lncc_arp26_dengue,32,3,537.11,418.56,1.283232989296636,Southeast
3rd_imdc_lncc_lncc_arp26_dengue,32,4,326.53000000000003,343.26,0.9512614344811514,Southeast
3rd_imdc_lncc_lncc_arp26_dengue,33,1,191.1870726495726,234.75418002136752,0.8144139228199072,Southeast
3rd_imdc_lncc_lncc_arp26_dengue,33,2,5077.754807692307,4730.010045405984,1.0735188210908917,Southeast
3rd_imdc_lncc_lncc_arp26_dengue,33,3,323.03,236.55,1.365588670471359,Southeast
3rd_imdc_lncc_lncc_arp26_dengue,33,4,123.71000000000001,249.32,0.4961896358094016,Southeast
3rd_imdc_lncc_lncc_arp26_dengue,35,1,1399.9482905982902,1338.2324572649572,1.0461174237691604,Southeast
3rd_imdc_lncc_lncc_arp26_dengue,35,2,36020.19722222222,28666.995940170957,1.2565040751879846,Southeast
3rd_imdc_lncc_lncc_arp26_dengue,35,3,4103.3,5586.86,0.7344554902037997,Southeast
3rd_imdc_lncc_lncc_arp26_dengue,35,4,1341.52,4850.28,0.276586093998697,Southeast
3rd_imdc_lncc_lncc_arp26_dengue,41,1,1217.8509615384617,1437.424925213675,0.8472449170570955,South
3rd_imdc_lncc_lncc_arp26_dengue,41,2,9512.431196581196,6683.275253739316,1.423318782397741,South
3rd_imdc_lncc_lncc_arp26_dengue,41,3,1094.69,728.92,1.5017971793886848,South
3rd_imdc_lncc_lncc_arp26_dengue,41,4,366.9599999999999,1311.3,0.27984442919240443,South
3rd_imdc_lncc_lncc_arp26_dengue,42,1,1322.4317307692313,1760.920769230769,0.7509887746664008,South
3rd_imdc_lncc_lncc_arp26_dengue,42,2,3429.5699786324785,4318.642099358976,0.7941315579592798,South
3rd_imdc_lncc_lncc_arp26_dengue,42,3,1188.55,548.67,2.1662383582116758,South
3rd_imdc_lncc_lncc_arp26_dengue,42,4,80.56,594.26,0.13556355803856898,South
3rd_imdc_lncc_lncc_arp26_dengue,43,1,271.2628205128205,370.2973637820513,0.7325540148119436,South
3rd_imdc_lncc_lncc_arp26_dengue,43,2,3509.9463675213674,3349.2164823717967,1.0479902944451496,South
3rd_imdc_lncc_lncc_arp26_dengue,43,3,586.0,634.4599999999999,0.9236200863726635,South
3rd_imdc_lncc_lncc_arp26_dengue,43,4,363.11,286.01,1.2695709940211881,South
3rd_imdc_lncc_lncc_arp26_dengue,50,1,243.93344017094017,257.81926014957264,0.946141262019848,Midwest
3rd_imdc_lncc_lncc_arp26_dengue,50,2,96.59989316239316,155.00426816239312,0.6232079561911706,Midwest
3rd_imdc_lncc_lncc_arp26_dengue,50,3,52.940000000000005,147.63,0.3585992007044639,Midwest
3rd_imdc_lncc_lncc_arp26_dengue,50,4,145.72,220.94,0.6595455779849733,Midwest
3rd_imdc_lncc_lncc_arp26_dengue,51,1,137.76709401709402,102.4777911324786,1.3443604950363832,Midwest
3rd_imdc_lncc_lncc_arp26_dengue,51,2,199.6205128205129,202.04812232905985,0.9879849934730237,Midwest
3rd_imdc_lncc_lncc_arp26_dengue,51,3,197.38,135.48,1.4568940064954237,Midwest
3rd_imdc_lncc_lncc_arp26_dengue,51,4,92.77,122.88,0.7549641927083334,Midwest
3rd_imdc_lncc_lncc_arp26_dengue,52,1,483.10566239316233,312.7443643162392,1.5447301934581243,Midwest
3rd_imdc_lncc_lncc_arp26_dengue,52,2,5200.977029914531,4133.947003205129,1.258114103998458,Midwest
3rd_imdc_lncc_lncc_arp26_dengue,52,3,358.47,267.54,1.3398744113029828,Midwest
3rd_imdc_lncc_lncc_arp26_dengue,52,4,397.92,293.55,1.3555442003065916,Midwest
3rd_imdc_lncc_lncc_arp26_dengue,53,1,143.59957264957262,186.2505128205128,0.7710022940337226,Midwest
3rd_imdc_lncc_lncc_arp26_dengue,53,2,4779.591132478632,4186.771407585471,1.1415935256983716,Midwest
3rd_imdc_lncc_lncc_arp26_dengue,53,3,426.09000000000003,296.11,1.4389584951538281,Midwest
3rd_imdc_lncc_lncc_arp26_dengue,53,4,188.85,284.16,0.6645903716216215,Midwest
3rd_imdc_lncc_surge_model26_dengue,11,1,144.26835140558885,101.89453525641024,1.4158595555939086,North
3rd_imdc_lncc_surge_model26_dengue,11,2,36.17046391895611,31.277812499999985,1.156425626598923,North
3rd_imdc_lncc_surge_model26_dengue,11,3,17.93,24.740000000000002,0.7247372675828617,North
3rd_imdc_lncc_surge_model26_dengue,11,4,24.79,26.55,0.9337099811676083,North
3rd_imdc_lncc_surge_model26_dengue,12,1,39.29996323316104,30.96498397435897,1.269174344340174,North
3rd_imdc_lncc_surge_model26_dengue,12,2,141.73724594246008,58.973378739316246,2.4034106400616824,North
3rd_imdc_lncc_surge_model26_dengue,12,3,102.36,47.43,2.1581277672359267,North
3rd_imdc_lncc_surge_model26_dengue,12,4,56.89,40.95000000000001,1.389255189255189,North
3rd_imdc_lncc_surge_model26_dengue,13,1,64.62197500853178,22.90296207264957,2.821555343083877,North
3rd_imdc_lncc_surge_model26_dengue,13,2,95.55001256625532,57.59958066239316,1.6588664616553372,North
3rd_imdc_lncc_surge_model26_dengue,13,3,50.04,18.51,2.703403565640194,North
3rd_imdc_lncc_surge_model26_dengue,13,4,58.69,32.42,1.8103022825416408,North
3rd_imdc_lncc_surge_model26_dengue,14,1,5.060960908705521,2.173453525641025,2.3285342193884144,North
3rd_imdc_lncc_surge_model26_dengue,14,2,4.497950171482338,4.4362873931623925,1.013899635631133,North
3rd_imdc_lncc_surge_model26_dengue,14,3,3.17,2.69,1.178438661710037,North
3rd_imdc_lncc_surge_model26_dengue,14,4,4.79,5.0600000000000005,0.9466403162055335,North
3rd_imdc_lncc_surge_model26_dengue,15,1,28.11375988670359,18.409249465811964,1.5271540504089527,North
3rd_imdc_lncc_surge_model26_dengue,15,2,149.15137443428134,197.2042361111112,0.7563294652060348,North
3rd_imdc_lncc_surge_model26_dengue,15,3,119.53,92.14,1.297265031473844,North
3rd_imdc_lncc_surge_model26_dengue,15,4,51.35,39.14,1.3119570771589166,North
3rd_imdc_lncc_surge_model26_dengue,16,1,13.072706979579898,8.522823183760684,1.5338470243625992,North
3rd_imdc_lncc_surge_model26_dengue,16,2,142.66786552491604,180.8090598290599,0.7890526374054309,North
3rd_imdc_lncc_surge_model26_dengue,16,3,23.64,17.47,1.353176874642244,North
3rd_imdc_lncc_surge_model26_dengue,16,4,11.52,7.9399999999999995,1.4508816120906802,North
3rd_imdc_lncc_surge_model26_dengue,17,1,33.61788845426942,32.95020566239315,1.0202633876922447,North
3rd_imdc_lncc_surge_model26_dengue,17,2,29.56242648771084,29.62533653846153,0.9978764781061976,North
3rd_imdc_lncc_surge_model26_dengue,17,3,33.99,32.61,1.0423183072677094,North
3rd_imdc_lncc_surge_model26_dengue,17,4,187.51,187.15,1.001923590702645,North
3rd_imdc_lncc_surge_model26_dengue,21,1,24.83203632995333,24.062783119658125,1.031968588440909,Northeast
3rd_imdc_lncc_surge_model26_dengue,21,2,60.77232214312375,58.10072382478632,1.045982186493823,Northeast
3rd_imdc_lncc_surge_model26_dengue,21,3,25.23,22.990000000000002,1.097433666811657,Northeast
3rd_imdc_lncc_surge_model26_dengue,21,4,75.38,67.28,1.1203923900118906,Northeast
3rd_imdc_lncc_surge_model26_dengue,22,1,31.19716356579924,28.55163461538461,1.092657705453723,Northeast
3rd_imdc_lncc_surge_model26_dengue,22,2,71.87838597742817,79.68833867521366,0.9019937819306716,Northeast
3rd_imdc_lncc_surge_model26_dengue,22,3,44.54,26.300000000000004,1.6935361216730036,Northeast
3rd_imdc_lncc_surge_model26_dengue,22,4,111.23,94.01000000000002,1.1831720029784063,Northeast
3rd_imdc_lncc_surge_model26_dengue,23,1,164.1851835620119,119.86219017094014,1.3697829426265364,Northeast
3rd_imdc_lncc_surge_model26_dengue,23,2,142.9168139257331,125.9489075854701,1.1347205518932224,Northeast
3rd_imdc_lncc_surge_model26_dengue,23,3,205.48999999999998,191.48,1.0731669103822854,Northeast
3rd_imdc_lncc_surge_model26_dengue,23,4,224.67000000000002,101.86,2.2056744551344987,Northeast
3rd_imdc_lncc_surge_model26_dengue,24,1,105.14224782063845,109.64313568376066,0.9589496612345715,Northeast
3rd_imdc_lncc_surge_model26_dengue,24,2,88.55273385925246,99.9653472222222,0.8858343047856414,Northeast
3rd_imdc_lncc_surge_model26_dengue,24,3,116.98,82.79999999999998,1.4128019323671501,Northeast
3rd_imdc_lncc_surge_model26_dengue,24,4,121.17,77.37,1.5661108956960061,Northeast
3rd_imdc_lncc_surge_model26_dengue,25,1,59.356226001155655,81.90579594017093,0.72468895906357,Northeast
3rd_imdc_lncc_surge_model26_dengue,25,2,60.95461748554727,78.4289503205128,0.7771953753868464,Northeast
3rd_imdc_lncc_surge_model26_dengue,25,3,60.64999999999999,67.79,0.8946747307862515,Northeast
3rd_imdc_lncc_surge_model26_dengue,25,4,73.03,60.29,1.2113119920384807,Northeast
3rd_imdc_lncc_surge_model26_dengue,26,1,139.11472714796443,194.26540331196577,0.7161065469004982,Northeast
3rd_imdc_lncc_surge_model26_dengue,26,2,124.9259025006463,137.06076388888886,0.9114636381416936,Northeast
3rd_imdc_lncc_surge_model26_dengue,26,3,185.84999999999997,113.78999999999999,1.6332718165040863,Northeast
3rd_imdc_lncc_surge_model26_dengue,26,4,156.81,103.51000000000002,1.5149260940971885,Northeast
3rd_imdc_lncc_surge_model26_dengue,27,1,63.34246343553365,63.17461805555554,1.002656848353725,Northeast
3rd_imdc_lncc_surge_model26_dengue,27,2,96.82803333605656,98.23614316239316,0.9856660717633339,Northeast
3rd_imdc_lncc_surge_model26_dengue,27,3,82.48,60.480000000000004,1.3637566137566137,Northeast
3rd_imdc_lncc_surge_model26_dengue,27,4,76.04,45.78,1.6609873307121015,Northeast
3rd_imdc_lncc_surge_model26_dengue,28,1,21.737052127455662,22.78627136752136,0.953953886393137,Northeast
3rd_imdc_lncc_surge_model26_dengue,28,2,17.334551148788524,22.27611912393161,0.7781674650036201,Northeast
3rd_imdc_lncc_surge_model26_dengue,28,3,15.82,15.27,1.0360183366077276,Northeast
3rd_imdc_lncc_surge_model26_dengue,28,4,17.32,11.32,1.530035335689046,Northeast
3rd_imdc_lncc_surge_model26_dengue,29,1,249.76426653820664,183.18042467948715,1.3634877579043831,Northeast
3rd_imdc_lncc_surge_model26_dengue,29,2,3013.314455049175,3104.0630341880337,0.970764582374985,Northeast
3rd_imdc_lncc_surge_model26_dengue,29,3,241.17000000000002,236.23,1.02091182322313,Northeast
3rd_imdc_lncc_surge_model26_dengue,29,4,288.84,302.3868506006006,0.9552002655747303,Northeast
3rd_imdc_lncc_surge_model26_dengue,31,1,2212.113114792772,2416.086233974359,0.9155770533711209,Southeast
3rd_imdc_lncc_surge_model26_dengue,31,2,23961.367419309736,25866.006260683767,0.9263651751190877,Southeast
3rd_imdc_lncc_surge_model26_dengue,31,3,1447.8300000000002,1133.0,1.277872903795234,Southeast
3rd_imdc_lncc_surge_model26_dengue,31,4,1571.98,2086.45,0.7534232787749527,Southeast
3rd_imdc_lncc_surge_model26_dengue,32,1,1207.972017498897,,,Southeast
3rd_imdc_lncc_surge_model26_dengue,32,2,1442.7283714344137,1164.8850293803416,1.2385156775530632,Southeast
3rd_imdc_lncc_surge_model26_dengue,32,3,501.0,418.56,1.196961009174312,Southeast
3rd_imdc_lncc_surge_model26_dengue,32,4,241.41,343.26,0.7032861387869254,Southeast
3rd_imdc_lncc_surge_model26_dengue,33,1,355.33935695681697,234.75418002136752,1.513665728654858,Southeast
3rd_imdc_lncc_surge_model26_dengue,33,2,3158.8429071227056,4730.010045405984,0.667830063107525,Southeast
3rd_imdc_lncc_surge_model26_dengue,33,3,414.34000000000003,236.55,1.7515958571126613,Southeast
3rd_imdc_lncc_surge_model26_dengue,33,4,523.97,249.32,2.101596342050377,Southeast
3rd_imdc_lncc_surge_model26_dengue,35,1,1847.7169116707155,1338.2324572649572,1.3807144652932934,Southeast
3rd_imdc_lncc_surge_model26_dengue,35,2,22966.81036603585,28666.995940170957,0.8011586011303173,Southeast
3rd_imdc_lncc_surge_model26_dengue,35,3,6720.39,5586.86,1.2028921433506479,Southeast
3rd_imdc_lncc_surge_model26_dengue,35,4,3239.4499999999994,4850.28,0.6678892764953774,Southeast
3rd_imdc_lncc_surge_model26_dengue,41,1,1504.7589646816782,1437.424925213675,1.0468435173809123,South
3rd_imdc_lncc_surge_model26_dengue,41,2,6622.134160767303,6683.275253739316,0.9908516272859172,South
3rd_imdc_lncc_surge_model26_dengue,41,3,914.47,728.92,1.254554683641552,South
3rd_imdc_lncc_surge_model26_dengue,41,4,996.1,1311.3,0.7596278502249676,South
3rd_imdc_lncc_surge_model26_dengue,42,1,2105.1837554059493,1760.920769230769,1.1955016899059951,South
3rd_imdc_lncc_surge_model26_dengue,42,2,4855.741796641445,4318.642099358976,1.12436772599475,South
3rd_imdc_lncc_surge_model26_dengue,42,3,379.22,548.67,0.6911622651138208,South
3rd_imdc_lncc_surge_model26_dengue,42,4,422.1000000000001,594.26,0.7102951570019858,South
3rd_imdc_lncc_surge_model26_dengue,43,1,471.8835629316933,370.2973637820513,1.2743368143701754,South
3rd_imdc_lncc_surge_model26_dengue,43,2,3507.263366975143,3349.2164823717967,1.0471892113977126,South
3rd_imdc_lncc_surge_model26_dengue,43,3,884.7099999999999,634.4599999999999,1.3944299088989063,South
3rd_imdc_lncc_surge_model26_dengue,43,4,251.75,286.01,0.8802139785322192,South
3rd_imdc_lncc_surge_model26_dengue,50,1,287.45356417202095,257.81926014957264,1.114942165318666,Midwest
3rd_imdc_lncc_surge_model26_dengue,50,2,145.02477886365662,155.00426816239312,0.9356179709304436,Midwest
3rd_imdc_lncc_surge_model26_dengue,50,3,127.92,147.63,0.8664905507010771,Midwest
3rd_imdc_lncc_surge_model26_dengue,50,4,181.47999999999996,220.94,0.8213994749705801,Midwest
3rd_imdc_lncc_surge_model26_dengue,51,1,91.78686723803943,102.4777911324786,0.8956756993267114,Midwest
3rd_imdc_lncc_surge_model26_dengue,51,2,201.6912410768064,202.04812232905985,0.9982336819162703,Midwest
3rd_imdc_lncc_surge_model26_dengue,51,3,187.53,135.48,1.384189548272808,Midwest
3rd_imdc_lncc_surge_model26_dengue,51,4,93.77,122.88,0.7631022135416666,Midwest
3rd_imdc_lncc_surge_model26_dengue,52,1,345.336315930747,312.7443643162392,1.1042127543553482,Midwest
3rd_imdc_lncc_surge_model26_dengue,52,2,3478.4059819077675,4133.947003205129,0.8414249092237739,Midwest
3rd_imdc_lncc_surge_model26_dengue,52,3,452.86,267.54,1.6926814681916722,Midwest
3rd_imdc_lncc_surge_model26_dengue,52,4,520.67,293.55,1.7737012433997614,Midwest
3rd_imdc_lncc_surge_model26_dengue,53,1,231.56360641523423,186.2505128205128,1.2432911078123532,Midwest
3rd_imdc_lncc_surge_model26_dengue,53,2,4390.787135285753,4186.771407585471,1.0487286521854648,Midwest
3rd_imdc_lncc_surge_model26_dengue,53,3,188.52,296.11,0.636655297018,Midwest
3rd_imdc_lncc_surge_model26_dengue,53,4,213.69999999999996,284.16,0.7520411036036034,Midwest
3rd_imdc_nus_nus-cerm,11,1,70.00593980894747,101.89453525641024,0.6870431238808106,North
3rd_imdc_nus_nus-cerm,11,2,33.58510072970386,31.277812499999985,1.0737675702130345,North
3rd_imdc_nus_nus-cerm,11,3,26.9,24.740000000000002,1.0873080032336295,North
3rd_imdc_nus_nus-cerm,11,4,32.51,26.55,1.224482109227872,North
3rd_imdc_nus_nus-cerm,12,1,42.3933236854837,30.96498397435897,1.369073005837437,North
3rd_imdc_nus_nus-cerm,12,2,60.64621030811911,58.973378739316246,1.0283658763422288,North
3rd_imdc_nus_nus-cerm,12,3,55.47,47.43,1.1695129664769133,North
3rd_imdc_nus_nus-cerm,12,4,69.47,40.95000000000001,1.696459096459096,North
3rd_imdc_nus_nus-cerm,13,1,32.437121848677485,22.90296207264957,1.4162850091523091,North
3rd_imdc_nus_nus-cerm,13,2,47.72012175925044,57.59958066239316,0.8284803675733523,North
3rd_imdc_nus_nus-cerm,13,3,28.69,18.51,1.549972987574284,North
3rd_imdc_nus_nus-cerm,13,4,58.42,32.42,1.8019740900678594,North
3rd_imdc_nus_nus-cerm,14,1,4.307455781810337,2.173453525641025,1.9818485792282692,North
3rd_imdc_nus_nus-cerm,14,2,4.177908263260446,4.4362873931623925,0.9417578017375106,North
3rd_imdc_nus_nus-cerm,14,3,5.85,2.69,2.174721189591078,North
3rd_imdc_nus_nus-cerm,14,4,5.400000000000001,5.0600000000000005,1.0671936758893281,North
3rd_imdc_nus_nus-cerm,15,1,31.617833207449507,18.409249465811964,1.7174971345880972,North
3rd_imdc_nus_nus-cerm,15,2,123.6366696986069,197.2042361111112,0.6269473320489223,North
3rd_imdc_nus_nus-cerm,15,3,63.36,92.14,0.6876492294334708,North
3rd_imdc_nus_nus-cerm,15,4,52.01,39.14,1.3288196218702095,North
3rd_imdc_nus_nus-cerm,16,1,7.5849886873427295,8.522823183760684,0.8899619907397708,North
3rd_imdc_nus_nus-cerm,16,2,152.1801923397249,180.8090598290599,0.8416624282190216,North
3rd_imdc_nus_nus-cerm,16,3,14.55,17.47,0.8328563251287923,North
3rd_imdc_nus_nus-cerm,16,4,10.879999999999999,7.9399999999999995,1.3702770780856424,North
3rd_imdc_nus_nus-cerm,17,1,45.38330630469342,32.95020566239315,1.3773299860307233,North
3rd_imdc_nus_nus-cerm,17,2,26.5696617690074,29.62533653846153,0.8968560318129364,North
3rd_imdc_nus_nus-cerm,17,3,40.04,32.61,1.2278442195645507,North
3rd_imdc_nus_nus-cerm,17,4,195.9,187.15,1.0467539406892867,North
3rd_imdc_nus_nus-cerm,21,1,30.209808415799493,24.062783119658125,1.2554577858086393,Northeast
3rd_imdc_nus_nus-cerm,21,2,70.14095986421542,58.10072382478632,1.2072303965736932,Northeast
3rd_imdc_nus_nus-cerm,21,3,28.12,22.990000000000002,1.2231404958677685,Northeast
3rd_imdc_nus_nus-cerm,21,4,83.16,67.28,1.23602853745541,Northeast
3rd_imdc_nus_nus-cerm,22,1,38.81479144668429,28.55163461538461,1.3594595185022973,Northeast
3rd_imdc_nus_nus-cerm,22,2,78.76347164637363,79.68833867521366,0.9883939476689367,Northeast
3rd_imdc_nus_nus-cerm,22,3,33.79,26.300000000000004,1.2847908745247145,Northeast
3rd_imdc_nus_nus-cerm,22,4,94.89,94.01000000000002,1.0093607063078394,Northeast
3rd_imdc_nus_nus-cerm,23,1,184.8194001454012,119.86219017094014,1.5419324466024111,Northeast
3rd_imdc_nus_nus-cerm,23,2,125.6237753696357,125.9489075854701,0.9974185388181016,Northeast
3rd_imdc_nus_nus-cerm,23,3,168.18,191.48,0.8783162732400251,Northeast
3rd_imdc_nus_nus-cerm,23,4,104.28,101.86,1.0237580993520519,Northeast
3rd_imdc_nus_nus-cerm,24,1,160.04281516512174,109.64313568376066,1.4596701760402664,Northeast
3rd_imdc_nus_nus-cerm,24,2,87.94669025867867,99.9653472222222,0.8797717679424836,Northeast
3rd_imdc_nus_nus-cerm,24,3,87.86999999999999,82.79999999999998,1.061231884057971,Northeast
3rd_imdc_nus_nus-cerm,24,4,75.5,77.37,0.975830425229417,Northeast
3rd_imdc_nus_nus-cerm,25,1,89.80972520258898,81.90579594017093,1.0965002436236817,Northeast
3rd_imdc_nus_nus-cerm,25,2,74.86835359248431,78.4289503205128,0.9546009896412292,Northeast
3rd_imdc_nus_nus-cerm,25,3,58.79,67.79,0.8672370556129222,Northeast
3rd_imdc_nus_nus-cerm,25,4,51.230000000000004,60.29,0.8497263227732627,Northeast
3rd_imdc_nus_nus-cerm,26,1,162.12677662626064,194.26540331196577,0.8345633028949856,Northeast
3rd_imdc_nus_nus-cerm,26,2,123.38196822700516,137.06076388888886,0.9001990411130883,Northeast
3rd_imdc_nus_nus-cerm,26,3,130.83,113.78999999999999,1.1497495386237808,Northeast
3rd_imdc_nus_nus-cerm,26,4,121.13,103.51000000000002,1.1702250990242486,Northeast
3rd_imdc_nus_nus-cerm,27,1,119.77070121999988,63.17461805555554,1.8958674370563497,Northeast
3rd_imdc_nus_nus-cerm,27,2,90.82259199334592,98.23614316239316,0.9245333649063159,Northeast
3rd_imdc_nus_nus-cerm,27,3,82.48,60.480000000000004,1.3637566137566137,Northeast
3rd_imdc_nus_nus-cerm,27,4,45.79999999999999,45.78,1.0004368719965049,Northeast
3rd_imdc_nus_nus-cerm,28,1,20.193704361573744,22.78627136752136,0.8862224115507131,Northeast
3rd_imdc_nus_nus-cerm,28,2,17.384869727692397,22.27611912393161,0.7804263225103487,Northeast
3rd_imdc_nus_nus-cerm,28,3,16.23,15.27,1.06286836935167,Northeast
3rd_imdc_nus_nus-cerm,28,4,10.17,11.32,0.8984098939929328,Northeast
3rd_imdc_nus_nus-cerm,29,1,186.64367020085248,183.18042467948715,1.018906198778745,Northeast
3rd_imdc_nus_nus-cerm,29,2,2782.9522289555466,3104.0630341880337,0.8965514547559812,Northeast
3rd_imdc_nus_nus-cerm,29,3,293.0,236.23,1.240316640562164,Northeast
3rd_imdc_nus_nus-cerm,29,4,224.69,302.3868506006006,0.7430547973687376,Northeast
3rd_imdc_nus_nus-cerm,31,1,2276.4741622426427,2416.086233974359,0.9422156089594285,Southeast
3rd_imdc_nus_nus-cerm,31,2,22735.24083874336,25866.006260683767,0.8789621640701774,Southeast
3rd_imdc_nus_nus-cerm,31,3,1490.41,1133.0,1.3154545454545454,Southeast
3rd_imdc_nus_nus-cerm,31,4,1307.46,2086.45,0.6266433415610247,Southeast
3rd_imdc_nus_nus-cerm,33,1,240.61944558606288,234.75418002136752,1.0249847119406414,Southeast
3rd_imdc_nus_nus-cerm,33,2,3333.3783288331133,4730.010045405984,0.7047296510650443,Southeast
3rd_imdc_nus_nus-cerm,33,3,528.97,236.55,2.2361868526738533,Southeast
3rd_imdc_nus_nus-cerm,33,4,441.6499999999999,249.32,1.7714182576608373,Southeast
3rd_imdc_nus_nus-cerm,35,1,1486.71501393448,1338.2324572649572,1.1109542335962972,Southeast
3rd_imdc_nus_nus-cerm,35,2,24284.12534443982,28666.995940170957,0.8471109213927283,Southeast
3rd_imdc_nus_nus-cerm,35,3,4675.9,5586.86,0.8369459768098717,Southeast
3rd_imdc_nus_nus-cerm,35,4,3775.46,4850.28,0.7784004222436643,Southeast
3rd_imdc_nus_nus-cerm,41,1,1366.923020421936,1437.424925213675,0.9509526351219638,South
3rd_imdc_nus_nus-cerm,41,2,5860.552194658304,6683.275253739316,0.8768982231248524,South
3rd_imdc_nus_nus-cerm,41,3,1108.85,728.92,1.521223179498436,South
3rd_imdc_nus_nus-cerm,41,4,1042.82,1311.3,0.7952566155723327,South
3rd_imdc_nus_nus-cerm,42,1,1574.876351100832,1760.920769230769,0.894348217488963,South
3rd_imdc_nus_nus-cerm,42,2,4258.144714267203,4318.642099358976,0.9859915724202399,South
3rd_imdc_nus_nus-cerm,42,3,628.81,548.67,1.1460622960978366,South
3rd_imdc_nus_nus-cerm,42,4,395.62,594.26,0.6657355366337967,South
3rd_imdc_nus_nus-cerm,43,1,311.40240666085447,370.2973637820513,0.8409522646349136,South
3rd_imdc_nus_nus-cerm,43,2,2822.9792748375985,3349.2164823717967,0.8428775176809307,South
3rd_imdc_nus_nus-cerm,43,3,731.3199999999999,634.4599999999999,1.1526652586451471,South
3rd_imdc_nus_nus-cerm,43,4,297.63,286.01,1.0406279500716757,South
3rd_imdc_nus_nus-cerm,50,1,257.70554963266665,257.81926014957264,0.9995589525901206,Midwest
3rd_imdc_nus_nus-cerm,50,2,191.19878662257184,155.00426816239312,1.2335065923620816,Midwest
3rd_imdc_nus_nus-cerm,50,3,153.17,147.63,1.0375262480525638,Midwest
3rd_imdc_nus_nus-cerm,50,4,231.93,220.94,1.0497420114058116,Midwest
3rd_imdc_nus_nus-cerm,51,1,109.34903514536389,102.4777911324786,1.0670510550330115,Midwest
3rd_imdc_nus_nus-cerm,51,2,186.9176095316737,202.04812232905985,0.9251143112691526,Midwest
3rd_imdc_nus_nus-cerm,51,3,141.27,135.48,1.0427369353410099,Midwest
3rd_imdc_nus_nus-cerm,51,4,127.59,122.88,1.038330078125,Midwest
3rd_imdc_nus_nus-cerm,52,1,398.26852577075175,312.7443643162392,1.2734634775641638,Midwest
3rd_imdc_nus_nus-cerm,52,2,3074.971691190842,4133.947003205129,0.7438343280179348,Midwest
3rd_imdc_nus_nus-cerm,52,3,494.54,267.54,1.8484712566345218,Midwest
3rd_imdc_nus_nus-cerm,52,4,505.38,293.55,1.721614716402657,Midwest
3rd_imdc_nus_nus-cerm,53,1,164.83064249360538,186.2505128205128,0.8849943014785174,Midwest
3rd_imdc_nus_nus-cerm,53,2,4279.274355345562,4186.771407585471,1.0220941003830533,Midwest
3rd_imdc_nus_nus-cerm,53,3,292.87,296.11,0.9890581202931342,Midwest
3rd_imdc_nus_nus-cerm,53,4,193.79,284.16,0.6819749436936936,Midwest
3rd_imdc_procc_bb_model,11,1,101.89453525641024,101.89453525641024,1.0,North
3rd_imdc_procc_bb_model,11,2,31.277812499999985,31.277812499999985,1.0,North
3rd_imdc_procc_bb_model,11,3,24.740000000000002,24.740000000000002,1.0,North
3rd_imdc_procc_bb_model,11,4,26.55,26.55,1.0,North
3rd_imdc_procc_bb_model,12,1,30.96498397435897,30.96498397435897,1.0,North
3rd_imdc_procc_bb_model,12,2,58.973378739316246,58.973378739316246,1.0,North
3rd_imdc_procc_bb_model,12,3,47.43,47.43,1.0,North
3rd_imdc_procc_bb_model,12,4,40.95000000000001,40.95000000000001,1.0,North
3rd_imdc_procc_bb_model,13,1,22.90296207264957,22.90296207264957,1.0,North
3rd_imdc_procc_bb_model,13,2,57.59958066239316,57.59958066239316,1.0,North
3rd_imdc_procc_bb_model,13,3,18.51,18.51,1.0,North
3rd_imdc_procc_bb_model,13,4,32.42,32.42,1.0,North
3rd_imdc_procc_bb_model,14,1,2.173453525641025,2.173453525641025,1.0,North
3rd_imdc_procc_bb_model,14,2,4.4362873931623925,4.4362873931623925,1.0,North
3rd_imdc_procc_bb_model,14,3,2.69,2.69,1.0,North
3rd_imdc_procc_bb_model,14,4,5.0600000000000005,5.0600000000000005,1.0,North
3rd_imdc_procc_bb_model,15,1,18.409249465811964,18.409249465811964,1.0,North
3rd_imdc_procc_bb_model,15,2,197.2042361111112,197.2042361111112,1.0,North
3rd_imdc_procc_bb_model,15,3,92.14,92.14,1.0,North
3rd_imdc_procc_bb_model,15,4,39.14,39.14,1.0,North
3rd_imdc_procc_bb_model,16,1,8.522823183760684,8.522823183760684,1.0,North
3rd_imdc_procc_bb_model,16,2,180.8090598290599,180.8090598290599,1.0,North
3rd_imdc_procc_bb_model,16,3,17.47,17.47,1.0,North
3rd_imdc_procc_bb_model,16,4,7.9399999999999995,7.9399999999999995,1.0,North
3rd_imdc_procc_bb_model,17,1,32.95020566239315,32.95020566239315,1.0,North
3rd_imdc_procc_bb_model,17,2,29.62533653846153,29.62533653846153,1.0,North
3rd_imdc_procc_bb_model,17,3,32.61,32.61,1.0,North
3rd_imdc_procc_bb_model,17,4,187.15,187.15,1.0,North
3rd_imdc_procc_bb_model,21,1,24.062783119658125,24.062783119658125,1.0,Northeast
3rd_imdc_procc_bb_model,21,2,58.10072382478632,58.10072382478632,1.0,Northeast
3rd_imdc_procc_bb_model,21,3,22.990000000000002,22.990000000000002,1.0,Northeast
3rd_imdc_procc_bb_model,21,4,67.28,67.28,1.0,Northeast
3rd_imdc_procc_bb_model,22,1,28.55163461538461,28.55163461538461,1.0,Northeast
3rd_imdc_procc_bb_model,22,2,79.68833867521366,79.68833867521366,1.0,Northeast
3rd_imdc_procc_bb_model,22,3,26.300000000000004,26.300000000000004,1.0,Northeast
3rd_imdc_procc_bb_model,22,4,94.01000000000002,94.01000000000002,1.0,Northeast
3rd_imdc_procc_bb_model,23,1,119.86219017094014,119.86219017094014,1.0,Northeast
3rd_imdc_procc_bb_model,23,2,125.9489075854701,125.9489075854701,1.0,Northeast
3rd_imdc_procc_bb_model,23,3,191.48,191.48,1.0,Northeast
3rd_imdc_procc_bb_model,23,4,101.86,101.86,1.0,Northeast
3rd_imdc_procc_bb_model,24,1,109.64313568376066,109.64313568376066,1.0,Northeast
3rd_imdc_procc_bb_model,24,2,99.9653472222222,99.9653472222222,1.0,Northeast
3rd_imdc_procc_bb_model,24,3,82.79999999999998,82.79999999999998,1.0,Northeast
3rd_imdc_procc_bb_model,24,4,77.37,77.37,1.0,Northeast
3rd_imdc_procc_bb_model,25,1,81.90579594017093,81.90579594017093,1.0,Northeast
3rd_imdc_procc_bb_model,25,2,78.4289503205128,78.4289503205128,1.0,Northeast
3rd_imdc_procc_bb_model,25,3,67.79,67.79,1.0,Northeast
3rd_imdc_procc_bb_model,25,4,60.29,60.29,1.0,Northeast
3rd_imdc_procc_bb_model,26,1,194.26540331196577,194.26540331196577,1.0,Northeast
3rd_imdc_procc_bb_model,26,2,137.06076388888886,137.06076388888886,1.0,Northeast
3rd_imdc_procc_bb_model,26,3,113.78999999999999,113.78999999999999,1.0,Northeast
3rd_imdc_procc_bb_model,26,4,103.51000000000002,103.51000000000002,1.0,Northeast
3rd_imdc_procc_bb_model,27,1,63.17461805555554,63.17461805555554,1.0,Northeast
3rd_imdc_procc_bb_model,27,2,98.23614316239316,98.23614316239316,1.0,Northeast
3rd_imdc_procc_bb_model,27,3,60.480000000000004,60.480000000000004,1.0,Northeast
3rd_imdc_procc_bb_model,27,4,45.78,45.78,1.0,Northeast
3rd_imdc_procc_bb_model,28,1,22.78627136752136,22.78627136752136,1.0,Northeast
3rd_imdc_procc_bb_model,28,2,22.27611912393161,22.27611912393161,1.0,Northeast
3rd_imdc_procc_bb_model,28,3,15.27,15.27,1.0,Northeast
3rd_imdc_procc_bb_model,28,4,11.32,11.32,1.0,Northeast
3rd_imdc_procc_bb_model,29,1,183.18042467948715,183.18042467948715,1.0,Northeast
3rd_imdc_procc_bb_model,29,2,3104.0630341880337,3104.0630341880337,1.0,Northeast
3rd_imdc_procc_bb_model,29,3,236.23,236.23,1.0,Northeast
3rd_imdc_procc_bb_model,29,4,302.3868506006006,302.3868506006006,1.0,Northeast
3rd_imdc_procc_bb_model,31,1,2416.086233974359,2416.086233974359,1.0,Southeast
3rd_imdc_procc_bb_model,31,2,25866.006260683767,25866.006260683767,1.0,Southeast
3rd_imdc_procc_bb_model,31,3,1133.0,1133.0,1.0,Southeast
3rd_imdc_procc_bb_model,31,4,2086.45,2086.45,1.0,Southeast
3rd_imdc_procc_bb_model,32,2,1164.8850293803416,1164.8850293803416,1.0,Southeast
3rd_imdc_procc_bb_model,32,3,418.56,418.56,1.0,Southeast
3rd_imdc_procc_bb_model,32,4,343.26,343.26,1.0,Southeast
3rd_imdc_procc_bb_model,33,1,234.75418002136752,234.75418002136752,1.0,Southeast
3rd_imdc_procc_bb_model,33,2,4730.010045405984,4730.010045405984,1.0,Southeast
3rd_imdc_procc_bb_model,33,3,236.55,236.55,1.0,Southeast
3rd_imdc_procc_bb_model,33,4,249.32,249.32,1.0,Southeast
3rd_imdc_procc_bb_model,35,1,1338.2324572649572,1338.2324572649572,1.0,Southeast
3rd_imdc_procc_bb_model,35,2,28666.995940170957,28666.995940170957,1.0,Southeast
3rd_imdc_procc_bb_model,35,3,5586.86,5586.86,1.0,Southeast
3rd_imdc_procc_bb_model,35,4,4850.28,4850.28,1.0,Southeast
3rd_imdc_procc_bb_model,41,1,1437.424925213675,1437.424925213675,1.0,South
3rd_imdc_procc_bb_model,41,2,6683.275253739316,6683.275253739316,1.0,South
3rd_imdc_procc_bb_model,41,3,728.92,728.92,1.0,South
3rd_imdc_procc_bb_model,41,4,1311.3,1311.3,1.0,South
3rd_imdc_procc_bb_model,42,1,1760.920769230769,1760.920769230769,1.0,South
3rd_imdc_procc_bb_model,42,2,4318.642099358976,4318.642099358976,1.0,South
3rd_imdc_procc_bb_model,42,3,548.67,548.67,1.0,South
3rd_imdc_procc_bb_model,42,4,594.26,594.26,1.0,South
3rd_imdc_procc_bb_model,43,1,370.2973637820513,370.2973637820513,1.0,South
3rd_imdc_procc_bb_model,43,2,3349.2164823717967,3349.2164823717967,1.0,South
3rd_imdc_procc_bb_model,43,3,634.4599999999999,634.4599999999999,1.0,South
3rd_imdc_procc_bb_model,43,4,286.01,286.01,1.0,South
3rd_imdc_procc_bb_model,50,1,257.81926014957264,257.81926014957264,1.0,Midwest
3rd_imdc_procc_bb_model,50,2,155.00426816239312,155.00426816239312,1.0,Midwest
3rd_imdc_procc_bb_model,50,3,147.63,147.63,1.0,Midwest
3rd_imdc_procc_bb_model,50,4,220.94,220.94,1.0,Midwest
3rd_imdc_procc_bb_model,51,1,102.4777911324786,102.4777911324786,1.0,Midwest
3rd_imdc_procc_bb_model,51,2,202.04812232905985,202.04812232905985,1.0,Midwest
3rd_imdc_procc_bb_model,51,3,135.48,135.48,1.0,Midwest
3rd_imdc_procc_bb_model,51,4,122.88,122.88,1.0,Midwest
3rd_imdc_procc_bb_model,52,1,312.7443643162392,312.7443643162392,1.0,Midwest
3rd_imdc_procc_bb_model,52,2,4133.947003205129,4133.947003205129,1.0,Midwest
3rd_imdc_procc_bb_model,52,3,267.54,267.54,1.0,Midwest
3rd_imdc_procc_bb_model,52,4,293.55,293.55,1.0,Midwest
3rd_imdc_procc_bb_model,53,1,186.2505128205128,186.2505128205128,1.0,Midwest
3rd_imdc_procc_bb_model,53,2,4186.771407585471,4186.771407585471,1.0,Midwest
3rd_imdc_procc_bb_model,53,3,296.11,296.11,1.0,Midwest
3rd_imdc_procc_bb_model,53,4,284.16,284.16,1.0,Midwest
3rd_imdc_pucrio_arbocaster,11,1,70.30747647488546,101.89453525641024,0.6900024255271568,North
3rd_imdc_pucrio_arbocaster,11,2,41.502973153992414,31.277812499999985,1.32691418730106,North
3rd_imdc_pucrio_arbocaster,11,3,13.71,24.740000000000002,0.5541632983023443,North
3rd_imdc_pucrio_arbocaster,11,4,20.309999999999995,26.55,0.7649717514124291,North
3rd_imdc_pucrio_arbocaster,12,1,33.59866524894391,30.96498397435897,1.0850535326214217,North
3rd_imdc_pucrio_arbocaster,12,2,49.33930223063665,58.973378739316246,0.8366368569237703,North
3rd_imdc_pucrio_arbocaster,12,3,68.94,47.43,1.4535104364326374,North
3rd_imdc_pucrio_arbocaster,12,4,27.41,40.95000000000001,0.6693528693528692,North
3rd_imdc_pucrio_arbocaster,13,1,24.514769861725025,22.90296207264957,1.070375516667351,North
3rd_imdc_pucrio_arbocaster,13,2,34.888461072587305,57.59958066239316,0.6057068588238183,North
3rd_imdc_pucrio_arbocaster,13,3,22.46,18.51,1.2133981631550512,North
3rd_imdc_pucrio_arbocaster,13,4,18.3,32.42,0.5644663787785318,North
3rd_imdc_pucrio_arbocaster,14,1,8.15362064166245,2.173453525641025,3.751458471723094,North
3rd_imdc_pucrio_arbocaster,14,2,25.00916137551217,4.4362873931623925,5.637407850099738,North
3rd_imdc_pucrio_arbocaster,14,3,13.79,2.69,5.12639405204461,North
3rd_imdc_pucrio_arbocaster,14,4,11.27,5.0600000000000005,2.227272727272727,North
3rd_imdc_pucrio_arbocaster,15,1,32.07442683932544,18.409249465811964,1.74229953800622,North
3rd_imdc_pucrio_arbocaster,15,2,90.28070805659829,197.2042361111112,0.4578030869769514,North
3rd_imdc_pucrio_arbocaster,15,3,53.53,92.14,0.5809637508139788,North
3rd_imdc_pucrio_arbocaster,15,4,46.589999999999996,39.14,1.1903423607562595,North
3rd_imdc_pucrio_arbocaster,16,1,11.443906526351729,8.522823183760684,1.3427365885234899,North
3rd_imdc_pucrio_arbocaster,16,2,219.58082042436047,180.8090598290599,1.2144348332542412,North
3rd_imdc_pucrio_arbocaster,16,3,89.09,17.47,5.099599313108186,North
3rd_imdc_pucrio_arbocaster,16,4,358.48,7.9399999999999995,45.148614609571794,North
3rd_imdc_pucrio_arbocaster,17,1,43.918804275871096,32.95020566239315,1.332884071373086,North
3rd_imdc_pucrio_arbocaster,17,2,21.51116691908442,29.62533653846153,0.7261070905019841,North
3rd_imdc_pucrio_arbocaster,17,3,22.04,32.61,0.675866298681386,North
3rd_imdc_pucrio_arbocaster,17,4,185.28,187.15,0.990008014961261,North
3rd_imdc_pucrio_arbocaster,21,1,23.2684135191744,24.062783119658125,0.9669876258064777,Northeast
3rd_imdc_pucrio_arbocaster,21,2,51.44366442749109,58.10072382478632,0.8854220918594604,Northeast
3rd_imdc_pucrio_arbocaster,21,3,23.6,22.990000000000002,1.026533275337103,Northeast
3rd_imdc_pucrio_arbocaster,21,4,77.36,67.28,1.149821640903686,Northeast
3rd_imdc_pucrio_arbocaster,22,1,48.75915591648455,28.55163461538461,1.707753569044745,Northeast
3rd_imdc_pucrio_arbocaster,22,2,87.87948178683997,79.68833867521366,1.1027897337025812,Northeast
3rd_imdc_pucrio_arbocaster,22,3,28.64,26.300000000000004,1.088973384030418,Northeast
3rd_imdc_pucrio_arbocaster,22,4,124.66,94.01000000000002,1.326029145835549,Northeast
3rd_imdc_pucrio_arbocaster,23,1,712.6680459793744,119.86219017094014,5.945728548452275,Northeast
3rd_imdc_pucrio_arbocaster,23,2,154.6399484151694,125.9489075854701,1.2277990447057217,Northeast
3rd_imdc_pucrio_arbocaster,23,3,140.38,191.48,0.7331313975349906,Northeast
3rd_imdc_pucrio_arbocaster,23,4,294.56,101.86,2.891812291380326,Northeast
3rd_imdc_pucrio_arbocaster,24,1,54.25060905095437,109.64313568376066,0.4947925714878061,Northeast
3rd_imdc_pucrio_arbocaster,24,2,74.35899438699442,99.9653472222222,0.7438477077631206,Northeast
3rd_imdc_pucrio_arbocaster,24,3,48.51,82.79999999999998,0.5858695652173914,Northeast
3rd_imdc_pucrio_arbocaster,24,4,47.910000000000004,77.37,0.6192322605661109,Northeast
3rd_imdc_pucrio_arbocaster,25,1,33.98418072187484,81.90579594017093,0.4149178984439513,Northeast
3rd_imdc_pucrio_arbocaster,25,2,64.78271538343724,78.4289503205128,0.826005130996807,Northeast
3rd_imdc_pucrio_arbocaster,25,3,30.800000000000004,67.79,0.4543442985691105,Northeast
3rd_imdc_pucrio_arbocaster,25,4,25.34,60.29,0.4203018742743407,Northeast
3rd_imdc_pucrio_arbocaster,26,1,54.9472174342576,194.26540331196577,0.2828461295602866,Northeast
3rd_imdc_pucrio_arbocaster,26,2,136.15488541484515,137.06076388888886,0.9933906798098829,Northeast
3rd_imdc_pucrio_arbocaster,26,3,88.34,113.78999999999999,0.7763423850953511,Northeast
3rd_imdc_pucrio_arbocaster,26,4,140.1,103.51000000000002,1.353492416191672,Northeast
3rd_imdc_pucrio_arbocaster,27,1,562.9615688069599,63.17461805555554,8.911198613213513,Northeast
3rd_imdc_pucrio_arbocaster,27,2,94.00984572987156,98.23614316239316,0.9569781824034443,Northeast
3rd_imdc_pucrio_arbocaster,27,3,237.0,60.480000000000004,3.9186507936507935,Northeast
3rd_imdc_pucrio_arbocaster,27,4,97.31,45.78,2.1256006989951945,Northeast
3rd_imdc_pucrio_arbocaster,28,1,14.378342614818392,22.78627136752136,0.6310090134058838,Northeast
3rd_imdc_pucrio_arbocaster,28,2,12.31168335335661,22.27611912393161,0.5526852897877512,Northeast
3rd_imdc_pucrio_arbocaster,28,3,8.53,15.27,0.5586116568434839,Northeast
3rd_imdc_pucrio_arbocaster,28,4,33.14,11.32,2.9275618374558303,Northeast
3rd_imdc_pucrio_arbocaster,29,1,209.91615948177093,183.18042467948715,1.1459530124414965,Northeast
3rd_imdc_pucrio_arbocaster,29,2,1141.8879952297962,3104.0630341880337,0.3678688166616092,Northeast
3rd_imdc_pucrio_arbocaster,29,3,397.44999999999993,236.23,1.6824704736908942,Northeast
3rd_imdc_pucrio_arbocaster,29,4,417.0,302.3868506006006,1.3790282188916443,Northeast
3rd_imdc_pucrio_arbocaster,31,1,2431.614334985284,2416.086233974359,1.0064269647302209,Southeast
3rd_imdc_pucrio_arbocaster,31,2,12504.52261336988,25866.006260683767,0.48343460862671744,Southeast
3rd_imdc_pucrio_arbocaster,31,3,1685.16,1133.0,1.4873433362753752,Southeast
3rd_imdc_pucrio_arbocaster,31,4,804.47,2086.45,0.38556878909151915,Southeast
3rd_imdc_pucrio_arbocaster,33,1,199.4045583439201,234.75418002136752,0.8494185633915874,Southeast
3rd_imdc_pucrio_arbocaster,33,2,1952.4404802891368,4730.010045405984,0.4127772375843984,Southeast
3rd_imdc_pucrio_arbocaster,33,3,267.62,236.55,1.1313464383851193,Southeast
3rd_imdc_pucrio_arbocaster,33,4,309.76,249.32,1.2424193807155464,Southeast
3rd_imdc_pucrio_arbocaster,35,1,1687.7895621376667,1338.2324572649572,1.2612080606587026,Southeast
3rd_imdc_pucrio_arbocaster,35,2,7779.175352823358,28666.995940170957,0.27136346511712545,Southeast
3rd_imdc_pucrio_arbocaster,35,3,4857.72,5586.86,0.8694901966399732,Southeast
3rd_imdc_pucrio_arbocaster,35,4,4774.89,4850.28,0.9844565674558996,Southeast
3rd_imdc_pucrio_arbocaster,41,1,1390.0363148246588,1437.424925213675,0.9670322883944901,South
3rd_imdc_pucrio_arbocaster,41,2,3089.926904044708,6683.275253739316,0.4623372204093918,South
3rd_imdc_pucrio_arbocaster,41,3,2176.88,728.92,2.986445700488394,South
3rd_imdc_pucrio_arbocaster,41,4,1282.9000000000003,1311.3,0.9783421032563108,South
3rd_imdc_pucrio_arbocaster,42,1,938.8489707363544,1760.920769230769,0.5331579859475881,South
3rd_imdc_pucrio_arbocaster,42,2,2047.0240592726284,4318.642099358976,0.4739971528496126,South
3rd_imdc_pucrio_arbocaster,42,3,723.8999999999999,548.67,1.3193723002897915,South
3rd_imdc_pucrio_arbocaster,42,4,511.45,594.26,0.8606502204422307,South
3rd_imdc_pucrio_arbocaster,43,1,523.8540816830046,370.2973637820513,1.4146848800990472,South
3rd_imdc_pucrio_arbocaster,43,2,1443.4276687204656,3349.2164823717967,0.4309747298563039,South
3rd_imdc_pucrio_arbocaster,43,3,761.87,634.4599999999999,1.2008164423289098,South
3rd_imdc_pucrio_arbocaster,43,4,271.36,286.01,0.9487780147547289,South
3rd_imdc_pucrio_arbocaster,50,1,309.7078754170133,257.81926014957264,1.2012596546795524,Midwest
3rd_imdc_pucrio_arbocaster,50,2,188.32819197454648,155.00426816239312,1.2149871368525216,Midwest
3rd_imdc_pucrio_arbocaster,50,3,120.96000000000001,147.63,0.8193456614509247,Midwest
3rd_imdc_pucrio_arbocaster,50,4,90.69,220.94,0.41047343170091427,Midwest
3rd_imdc_pucrio_arbocaster,51,1,122.4558737456482,102.4777911324786,1.1949503633167,Midwest
3rd_imdc_pucrio_arbocaster,51,2,230.79985885075817,202.04812232905985,1.1423014289381648,Midwest
3rd_imdc_pucrio_arbocaster,51,3,161.2,135.48,1.1898435193386478,Midwest
3rd_imdc_pucrio_arbocaster,51,4,94.7,122.88,0.7706705729166667,Midwest
3rd_imdc_pucrio_arbocaster,52,1,360.9246025242655,312.7443643162392,1.1540562955094775,Midwest
3rd_imdc_pucrio_arbocaster,52,2,1956.6195473807752,4133.947003205129,0.4733054259921016,Midwest
3rd_imdc_pucrio_arbocaster,52,3,504.62,267.54,1.8861478657397024,Midwest
3rd_imdc_pucrio_arbocaster,52,4,768.04,293.55,2.6163856242548116,Midwest
3rd_imdc_pucrio_arbocaster,53,1,651.3504264468847,186.2505128205128,3.4971738685873186,Midwest
3rd_imdc_pucrio_arbocaster,53,2,2267.821292232484,4186.771407585471,0.5416635090522762,Midwest
3rd_imdc_pucrio_arbocaster,53,3,133.29,296.11,0.4501367734963358,Midwest
3rd_imdc_pucrio_arbocaster,53,4,84.53999999999999,284.16,0.2975084459459459,Midwest
3rd_imdc_purdue_neuralearth,11,1,93.15974773507388,101.89453525641024,0.9142761925420643,North
3rd_imdc_purdue_neuralearth,11,2,26.28578294827327,31.277812499999985,0.8403971009249218,North
3rd_imdc_purdue_neuralearth,11,3,18.96,24.740000000000002,0.7663702506063056,North
3rd_imdc_purdue_neuralearth,11,4,30.759999999999998,26.55,1.1585687382297551,North
3rd_imdc_purdue_neuralearth,12,1,25.93138997845152,30.96498397435897,0.837442383303812,North
3rd_imdc_purdue_neuralearth,12,2,50.72668710043872,58.973378739316246,0.8601624696571838,North
3rd_imdc_purdue_neuralearth,12,3,55.559999999999995,47.43,1.1714104996837444,North
3rd_imdc_purdue_neuralearth,12,4,37.93,40.95000000000001,0.9262515262515261,North
3rd_imdc_purdue_neuralearth,13,1,28.74274726946682,22.90296207264957,1.254979472886219,North
3rd_imdc_purdue_neuralearth,13,2,53.3980747377697,57.59958066239316,0.9270566577689231,North
3rd_imdc_purdue_neuralearth,13,3,24.529999999999998,18.51,1.3252296056185844,North
3rd_imdc_purdue_neuralearth,13,4,35.62,32.42,1.0987045033929672,North
3rd_imdc_purdue_neuralearth,14,1,3.596969035185668,2.173453525641025,1.6549555777249942,North
3rd_imdc_purdue_neuralearth,14,2,3.472290821120104,4.4362873931623925,0.7827019562510564,North
3rd_imdc_purdue_neuralearth,14,3,3.71,2.69,1.379182156133829,North
3rd_imdc_purdue_neuralearth,14,4,4.727845600547619,5.0600000000000005,0.934356838052889,North
3rd_imdc_purdue_neuralearth,15,1,22.94459788128112,18.409249465811964,1.2463624833750993,North
3rd_imdc_purdue_neuralearth,15,2,151.88561641388677,197.2042361111112,0.7701944918075164,North
3rd_imdc_purdue_neuralearth,15,3,67.08,92.14,0.7280225743433905,North
3rd_imdc_purdue_neuralearth,15,4,41.31,39.14,1.0554420030659173,North
3rd_imdc_purdue_neuralearth,16,1,6.928823629379972,8.522823183760684,0.812972823674448,North
3rd_imdc_purdue_neuralearth,16,2,156.008801588493,180.8090598290599,0.862837303263379,North
3rd_imdc_purdue_neuralearth,16,3,12.47,17.47,0.7137950772753292,North
3rd_imdc_purdue_neuralearth,16,4,12.06,7.9399999999999995,1.518891687657431,North
3rd_imdc_purdue_neuralearth,17,1,31.658030533277323,32.95020566239315,0.9607840041317065,North
3rd_imdc_purdue_neuralearth,17,2,27.588090684571736,29.62533653846153,0.9312329886533134,North
3rd_imdc_purdue_neuralearth,17,3,22.65,32.61,0.6945722171113156,North
3rd_imdc_purdue_neuralearth,17,4,190.22,187.15,1.0164039540475553,North
3rd_imdc_purdue_neuralearth,21,1,27.019112134865303,24.062783119658125,1.122858981045796,Northeast
3rd_imdc_purdue_neuralearth,21,2,64.99595643642527,58.10072382478632,1.1186772239263805,Northeast
3rd_imdc_purdue_neuralearth,21,3,22.970000000000002,22.990000000000002,0.9991300565463245,Northeast
3rd_imdc_purdue_neuralearth,21,4,83.75,67.28,1.2447978596908442,Northeast
3rd_imdc_purdue_neuralearth,22,1,29.10514685126396,28.55163461538461,1.0193863589015355,Northeast
3rd_imdc_purdue_neuralearth,22,2,86.3859527839055,79.68833867521366,1.0840476062123638,Northeast
3rd_imdc_purdue_neuralearth,22,3,35.44,26.300000000000004,1.3475285171102658,Northeast
3rd_imdc_purdue_neuralearth,22,4,88.51000000000002,94.01000000000002,0.9414955855760025,Northeast
3rd_imdc_purdue_neuralearth,23,1,123.42831794615827,119.86219017094014,1.0297518989944396,Northeast
3rd_imdc_purdue_neuralearth,23,2,185.3276866092824,125.9489075854701,1.4714513223031913,Northeast
3rd_imdc_purdue_neuralearth,23,3,114.32,191.48,0.5970336327553791,Northeast
3rd_imdc_purdue_neuralearth,23,4,95.40000000000002,101.86,0.9365796190850189,Northeast
3rd_imdc_purdue_neuralearth,24,1,106.65532868322144,109.64313568376066,0.9727497122194969,Northeast
3rd_imdc_purdue_neuralearth,24,2,93.37613091184534,99.9653472222222,0.9340849955162053,Northeast
3rd_imdc_purdue_neuralearth,24,3,59.10000000000001,82.79999999999998,0.7137681159420293,Northeast
3rd_imdc_purdue_neuralearth,24,4,71.14,77.37,0.919477833785705,Northeast
3rd_imdc_purdue_neuralearth,25,1,70.22135692466173,81.90579594017093,0.8573429525787866,Northeast
3rd_imdc_purdue_neuralearth,25,2,84.06251929759895,78.4289503205128,1.071830222820319,Northeast
3rd_imdc_purdue_neuralearth,25,3,44.5,67.79,0.6564390028027732,Northeast
3rd_imdc_purdue_neuralearth,25,4,59.54999999999999,60.29,0.9877259910432906,Northeast
3rd_imdc_purdue_neuralearth,26,1,187.5080343769748,194.26540331196577,0.9652157881960098,Northeast
3rd_imdc_purdue_neuralearth,26,2,128.7758723358071,137.06076388888886,0.9395531491434115,Northeast
3rd_imdc_purdue_neuralearth,26,3,110.47,113.78999999999999,0.9708234467000616,Northeast
3rd_imdc_purdue_neuralearth,26,4,105.66,103.51000000000002,1.0207709400057963,Northeast
3rd_imdc_purdue_neuralearth,27,1,67.2472493551355,63.17461805555554,1.0644662591548792,Northeast
3rd_imdc_purdue_neuralearth,27,2,76.5793367212253,98.23614316239316,0.7795433967173648,Northeast
3rd_imdc_purdue_neuralearth,27,3,55.10000000000001,60.480000000000004,0.9110449735449736,Northeast
3rd_imdc_purdue_neuralearth,27,4,51.769999999999996,45.78,1.1308431629532545,Northeast
3rd_imdc_purdue_neuralearth,28,1,17.075961207323097,22.78627136752136,0.749396903596193,Northeast
3rd_imdc_purdue_neuralearth,28,2,15.140406685386033,22.27611912393161,0.6796698563674154,Northeast
3rd_imdc_purdue_neuralearth,28,3,12.28,15.27,0.8041912246234446,Northeast
3rd_imdc_purdue_neuralearth,28,4,9.970000000000002,11.32,0.8807420494699648,Northeast
3rd_imdc_purdue_neuralearth,29,1,171.89968284349223,183.18042467948715,0.9384173180309361,Northeast
3rd_imdc_purdue_neuralearth,29,2,3162.5123143194755,3104.0630341880337,1.0188299269337264,Northeast
3rd_imdc_purdue_neuralearth,29,3,152.34,236.23,0.6448799898404098,Northeast
3rd_imdc_purdue_neuralearth,29,4,224.34,302.3868506006006,0.7418973396310587,Northeast
3rd_imdc_purdue_neuralearth,31,1,1997.5618548411344,2416.086233974359,0.8267758934892113,Southeast
3rd_imdc_purdue_neuralearth,31,2,27252.798549794403,25866.006260683767,1.0536144728000996,Southeast
3rd_imdc_purdue_neuralearth,31,3,733.89,1133.0,0.6477405119152692,Southeast
3rd_imdc_purdue_neuralearth,31,4,1511.57,2086.45,0.7244697931893888,Southeast
3rd_imdc_purdue_neuralearth,33,1,159.03735211868482,234.75418002136752,0.6774633452925486,Southeast
3rd_imdc_purdue_neuralearth,33,2,4288.466615185896,4730.010045405984,0.9066506358376689,Southeast
3rd_imdc_purdue_neuralearth,33,3,190.15000000000003,236.55,0.8038469668146271,Southeast
3rd_imdc_purdue_neuralearth,33,4,281.17,249.32,1.1277474731269053,Southeast
3rd_imdc_purdue_neuralearth,35,1,1094.9469378218837,1338.2324572649572,0.8182038418494991,Southeast
3rd_imdc_purdue_neuralearth,35,2,32657.885563969616,28666.995940170957,1.1392154808312593,Southeast
3rd_imdc_purdue_neuralearth,35,3,7208.59,5586.86,1.2902757541803447,Southeast
3rd_imdc_purdue_neuralearth,35,4,2456.57,4850.28,0.5064800382658321,Southeast
3rd_imdc_purdue_neuralearth,41,1,1610.892001049944,1437.424925213675,1.1206790509845117,South
3rd_imdc_purdue_neuralearth,41,2,8775.605132517785,6683.275253739316,1.3130695354209454,South
3rd_imdc_purdue_neuralearth,41,3,645.86,728.92,0.8860505954014158,South
3rd_imdc_purdue_neuralearth,41,4,942.15,1311.3,0.7184854724319378,South
3rd_imdc_purdue_neuralearth,42,1,2029.5585759651108,1760.920769230769,1.1525553059673956,South
3rd_imdc_purdue_neuralearth,42,2,5238.0265046652,4318.642099358976,1.2128873808372984,South
3rd_imdc_purdue_neuralearth,42,3,208.82276710751623,548.67,0.3805981138161668,South
3rd_imdc_purdue_neuralearth,42,4,638.53,594.26,1.0744960118466664,South
3rd_imdc_purdue_neuralearth,43,1,268.505403573454,370.2973637820513,0.7251075212393092,South
3rd_imdc_purdue_neuralearth,43,2,2157.871484691635,3349.2164823717967,0.6442914323542045,South
3rd_imdc_purdue_neuralearth,43,3,580.72,634.4599999999999,0.9152980487343569,South
3rd_imdc_purdue_neuralearth,43,4,796.71,286.01,2.785601902031398,South
3rd_imdc_purdue_neuralearth,50,1,217.21623948428845,257.81926014957264,0.842513625080886,Midwest
3rd_imdc_purdue_neuralearth,50,2,114.60724138064984,155.00426816239312,0.7393811973008345,Midwest
3rd_imdc_purdue_neuralearth,50,3,115.1,147.63,0.7796518322834112,Midwest
3rd_imdc_purdue_neuralearth,50,4,166.78,220.94,0.7548655743640807,Midwest
3rd_imdc_purdue_neuralearth,51,1,87.30945366290656,102.4777911324786,0.8519841489365915,Midwest
3rd_imdc_purdue_neuralearth,51,2,183.1071527245695,202.04812232905985,0.9062551565134433,Midwest
3rd_imdc_purdue_neuralearth,51,3,140.15,135.48,1.0344700324771186,Midwest
3rd_imdc_purdue_neuralearth,51,4,120.52,122.88,0.9807942708333334,Midwest
3rd_imdc_purdue_neuralearth,52,1,316.8091371562874,312.7443643162392,1.012997109792642,Midwest
3rd_imdc_purdue_neuralearth,52,2,3634.469130606139,4133.947003205129,0.8791765176932035,Midwest
3rd_imdc_purdue_neuralearth,52,3,390.01,267.54,1.4577633251102637,Midwest
3rd_imdc_purdue_neuralearth,52,4,468.52,293.55,1.596048373360586,Midwest
3rd_imdc_purdue_neuralearth,53,1,152.99455826542243,186.2505128205128,0.8214450309345527,Midwest
3rd_imdc_purdue_neuralearth,53,2,4777.550569500576,4186.771407585471,1.1411061422758233,Midwest
3rd_imdc_purdue_neuralearth,53,3,97.83,296.11,0.3303839789267502,Midwest
3rd_imdc_purdue_neuralearth,53,4,257.47,284.16,0.9060740427927928,Midwest
3rd_imdc_rki_rki_zki_ph,11,1,83.86,101.89453525641024,0.8230078265627531,North
3rd_imdc_rki_rki_zki_ph,11,2,34.46,31.277812499999985,1.1017394518878203,North
3rd_imdc_rki_rki_zki_ph,11,3,15.98,24.740000000000002,0.6459175424413904,North
3rd_imdc_rki_rki_zki_ph,11,4,28.87,26.55,1.087382297551789,North
3rd_imdc_rki_rki_zki_ph,12,1,22.61,30.96498397435897,0.7301796125172407,North
3rd_imdc_rki_rki_zki_ph,12,2,83.18,58.973378739316246,1.410466922163063,North
3rd_imdc_rki_rki_zki_ph,12,3,97.61,47.43,2.0579801813198397,North
3rd_imdc_rki_rki_zki_ph,12,4,19.45,40.95000000000001,0.47496947496947484,North
3rd_imdc_rki_rki_zki_ph,13,1,27.79,22.90296207264957,1.2133801694229966,North
3rd_imdc_rki_rki_zki_ph,13,2,60.17,57.59958066239316,1.0446256606045932,North
3rd_imdc_rki_rki_zki_ph,13,3,22.240000000000002,18.51,1.2015126958400864,North
3rd_imdc_rki_rki_zki_ph,13,4,30.55,32.42,0.9423195558297347,North
3rd_imdc_rki_rki_zki_ph,14,1,1.71,2.173453525641025,0.7867663052494592,North
3rd_imdc_rki_rki_zki_ph,14,2,4.53,4.4362873931623925,1.0211241063827483,North
3rd_imdc_rki_rki_zki_ph,14,3,7.36,2.69,2.7360594795539037,North
3rd_imdc_rki_rki_zki_ph,14,4,5.42,5.0600000000000005,1.0711462450592883,North
3rd_imdc_rki_rki_zki_ph,15,1,32.31,18.409249465811964,1.7550959945435738,North
3rd_imdc_rki_rki_zki_ph,15,2,114.93,197.2042361111112,0.5827968113993492,North
3rd_imdc_rki_rki_zki_ph,15,3,69.72,92.14,0.756674625569785,North
3rd_imdc_rki_rki_zki_ph,15,4,43.160000000000004,39.14,1.1027082268778743,North
3rd_imdc_rki_rki_zki_ph,16,1,7.77,8.522823183760684,0.9116697404687326,North
3rd_imdc_rki_rki_zki_ph,16,2,180.0,180.8090598290599,0.9955253357888991,North
3rd_imdc_rki_rki_zki_ph,16,3,11.349999999999998,17.47,0.6496851745850027,North
3rd_imdc_rki_rki_zki_ph,16,4,9.31,7.9399999999999995,1.1725440806045342,North
3rd_imdc_rki_rki_zki_ph,17,1,33.71,32.95020566239315,1.0230588648032026,North
3rd_imdc_rki_rki_zki_ph,17,2,26.82,29.62533653846153,0.9053061714651086,North
3rd_imdc_rki_rki_zki_ph,17,3,23.89,32.61,0.7325973627721558,North
3rd_imdc_rki_rki_zki_ph,17,4,225.46,187.15,1.2047021106064655,North
3rd_imdc_rki_rki_zki_ph,21,1,41.22,24.062783119658125,1.7130188056395381,Northeast
3rd_imdc_rki_rki_zki_ph,21,2,60.0,58.10072382478632,1.032689372010946,Northeast
3rd_imdc_rki_rki_zki_ph,21,3,32.14,22.990000000000002,1.3979991300565462,Northeast
3rd_imdc_rki_rki_zki_ph,21,4,61.769999999999996,67.28,0.918103448275862,Northeast
3rd_imdc_rki_rki_zki_ph,22,1,43.71,28.55163461538461,1.5309105971973855,Northeast
3rd_imdc_rki_rki_zki_ph,22,2,55.67,79.68833867521366,0.6985965691529175,Northeast
3rd_imdc_rki_rki_zki_ph,22,3,33.64,26.300000000000004,1.2790874524714828,Northeast
3rd_imdc_rki_rki_zki_ph,22,4,99.84,94.01000000000002,1.0620146792894372,Northeast
3rd_imdc_rki_rki_zki_ph,23,1,118.69,119.86219017094014,0.9902205176689294,Northeast
3rd_imdc_rki_rki_zki_ph,23,2,133.93,125.9489075854701,1.0633676985972575,Northeast
3rd_imdc_rki_rki_zki_ph,23,3,110.98,191.48,0.5795905577606016,Northeast
3rd_imdc_rki_rki_zki_ph,23,4,108.31,101.86,1.0633222069507167,Northeast
3rd_imdc_rki_rki_zki_ph,24,1,80.4,109.64313568376066,0.7332880394071776,Northeast
3rd_imdc_rki_rki_zki_ph,24,2,82.63000000000001,99.9653472222222,0.8265864351605177,Northeast
3rd_imdc_rki_rki_zki_ph,24,3,52.440000000000005,82.79999999999998,0.6333333333333335,Northeast
3rd_imdc_rki_rki_zki_ph,24,4,65.27,77.37,0.8436086338374046,Northeast
3rd_imdc_rki_rki_zki_ph,25,1,57.89999999999999,81.90579594017093,0.7069096800218355,Northeast
3rd_imdc_rki_rki_zki_ph,25,2,63.29,78.4289503205128,0.8069724220629628,Northeast
3rd_imdc_rki_rki_zki_ph,25,3,45.36,67.79,0.6691252397108718,Northeast
3rd_imdc_rki_rki_zki_ph,25,4,50.78,60.29,0.8422623984076961,Northeast
3rd_imdc_rki_rki_zki_ph,26,1,147.52,194.26540331196577,0.7593735039022953,Northeast
3rd_imdc_rki_rki_zki_ph,26,2,105.9,137.06076388888886,0.7726500057000268,Northeast
3rd_imdc_rki_rki_zki_ph,26,3,143.18,113.78999999999999,1.2582828016521663,Northeast
3rd_imdc_rki_rki_zki_ph,26,4,116.90000000000002,103.51000000000002,1.1293594821756352,Northeast
3rd_imdc_rki_rki_zki_ph,27,1,73.52,63.17461805555554,1.1637585198433136,Northeast
3rd_imdc_rki_rki_zki_ph,27,2,87.06,98.23614316239316,0.8862318612822778,Northeast
3rd_imdc_rki_rki_zki_ph,27,3,57.12,60.480000000000004,0.9444444444444443,Northeast
3rd_imdc_rki_rki_zki_ph,27,4,38.49,45.78,0.8407601572739187,Northeast
3rd_imdc_rki_rki_zki_ph,28,1,23.21,22.78627136752136,1.0185957862804447,Northeast
3rd_imdc_rki_rki_zki_ph,28,2,20.699999999999996,22.27611912393161,0.929246242796468,Northeast
3rd_imdc_rki_rki_zki_ph,28,3,16.79,15.27,1.0995415848068106,Northeast
3rd_imdc_rki_rki_zki_ph,28,4,16.31,11.32,1.4408127208480563,Northeast
3rd_imdc_rki_rki_zki_ph,29,1,213.06,183.18042467948715,1.1631155478146395,Northeast
3rd_imdc_rki_rki_zki_ph,29,2,2834.17,3104.0630341880337,0.913051690247446,Northeast
3rd_imdc_rki_rki_zki_ph,29,3,318.97,236.23,1.3502518731744488,Northeast
3rd_imdc_rki_rki_zki_ph,29,4,232.91,302.3868506006006,0.7702385190936519,Northeast
3rd_imdc_rki_rki_zki_ph,31,1,2198.8,2416.086233974359,0.9100668548502376,Southeast
3rd_imdc_rki_rki_zki_ph,31,2,27535.549999999996,25866.006260683767,1.0645458646568848,Southeast
3rd_imdc_rki_rki_zki_ph,31,3,884.62,1133.0,0.7807766990291262,Southeast
3rd_imdc_rki_rki_zki_ph,31,4,765.1800000000001,2086.45,0.3667377603105754,Southeast
3rd_imdc_rki_rki_zki_ph,32,1,2267.74,,,Southeast
3rd_imdc_rki_rki_zki_ph,32,2,1303.5,1164.8850293803416,1.1189945506411,Southeast
3rd_imdc_rki_rki_zki_ph,32,3,428.22,418.56,1.023079128440367,Southeast
3rd_imdc_rki_rki_zki_ph,32,4,154.0,343.26,0.44863951523626405,Southeast
3rd_imdc_rki_rki_zki_ph,33,1,196.45,234.75418002136752,0.8368328094610241,Southeast
3rd_imdc_rki_rki_zki_ph,33,2,3173.12,4730.010045405984,0.6708484695676046,Southeast
3rd_imdc_rki_rki_zki_ph,33,3,441.94999999999993,236.55,1.8683153667300778,Southeast
3rd_imdc_rki_rki_zki_ph,33,4,239.47,249.32,0.9604925397080057,Southeast
3rd_imdc_rki_rki_zki_ph,35,1,1125.17,1338.2324572649572,0.8407881559677544,Southeast
3rd_imdc_rki_rki_zki_ph,35,2,33271.37,28666.995940170957,1.1606158548819883,Southeast
3rd_imdc_rki_rki_zki_ph,35,3,4194.77,5586.86,0.7508278353135752,Southeast
3rd_imdc_rki_rki_zki_ph,35,4,4350.41,4850.28,0.8969399704759313,Southeast
3rd_imdc_rki_rki_zki_ph,41,1,1460.94,1437.424925213675,1.0163591672676955,South
3rd_imdc_rki_rki_zki_ph,41,2,8848.42,6683.275253739316,1.3239646227423114,South
3rd_imdc_rki_rki_zki_ph,41,3,767.7099999999999,728.92,1.0532157164023486,South
3rd_imdc_rki_rki_zki_ph,41,4,471.37,1311.3,0.359467703805384,South
3rd_imdc_rki_rki_zki_ph,42,1,1615.46,1760.920769230769,0.9173950516272737,South
3rd_imdc_rki_rki_zki_ph,42,2,4161.63,4318.642099358976,0.9636431786319404,South
3rd_imdc_rki_rki_zki_ph,42,3,576.81,548.67,1.0512876592487288,South
3rd_imdc_rki_rki_zki_ph,42,4,287.08,594.26,0.48308821054757173,South
3rd_imdc_rki_rki_zki_ph,43,1,233.17000000000002,370.2973637820513,0.6296831217443898,South
3rd_imdc_rki_rki_zki_ph,43,2,2196.6,3349.2164823717967,0.6558548877212158,South
3rd_imdc_rki_rki_zki_ph,43,3,543.55,634.4599999999999,0.8567127951328689,South
3rd_imdc_rki_rki_zki_ph,43,4,482.51,286.01,1.6870389147232614,South
3rd_imdc_rki_rki_zki_ph,50,1,260.15,257.81926014957264,1.0090402084354566,Midwest
3rd_imdc_rki_rki_zki_ph,50,2,114.22,155.00426816239312,0.7368829346062605,Midwest
3rd_imdc_rki_rki_zki_ph,50,3,70.09,147.63,0.4747680010837906,Midwest
3rd_imdc_rki_rki_zki_ph,50,4,96.92,220.94,0.438671132434145,Midwest
3rd_imdc_rki_rki_zki_ph,51,1,82.45000000000002,102.4777911324786,0.8045645704190914,Midwest
3rd_imdc_rki_rki_zki_ph,51,2,171.59,202.04812232905985,0.8492531285222482,Midwest
3rd_imdc_rki_rki_zki_ph,51,3,142.72,135.48,1.0534396220844406,Midwest
3rd_imdc_rki_rki_zki_ph,51,4,111.34,122.88,0.9060872395833334,Midwest
3rd_imdc_rki_rki_zki_ph,52,1,370.71,312.7443643162392,1.1853451006559061,Midwest
3rd_imdc_rki_rki_zki_ph,52,2,3690.4100000000003,4133.947003205129,0.8927085899114707,Midwest
3rd_imdc_rki_rki_zki_ph,52,3,487.04,267.54,1.8204380653360244,Midwest
3rd_imdc_rki_rki_zki_ph,52,4,425.67,293.55,1.4500766479305058,Midwest
3rd_imdc_rki_rki_zki_ph,53,1,170.32999999999998,186.2505128205128,0.9145209718920065,Midwest
3rd_imdc_rki_rki_zki_ph,53,2,4538.12,4186.771407585471,1.08391874268033,Midwest
3rd_imdc_rki_rki_zki_ph,53,3,250.13,296.11,0.844719867616764,Midwest
3rd_imdc_rki_rki_zki_ph,53,4,196.09,284.16,0.6900689752252251,Midwest
3rd_imdc_rki_rki_zki_ph_lstm_geo,11,1,95.9,101.89453525641024,0.9411692173547344,North
3rd_imdc_rki_rki_zki_ph_lstm_geo,11,2,71.8,31.277812499999985,2.2955569543106646,North
3rd_imdc_rki_rki_zki_ph_lstm_geo,11,3,15.66,24.740000000000002,0.6329830234438156,North
3rd_imdc_rki_rki_zki_ph_lstm_geo,11,4,12.779999999999998,26.55,0.48135593220338974,North
3rd_imdc_rki_rki_zki_ph_lstm_geo,12,1,47.43,30.96498397435897,1.5317301646038357,North
3rd_imdc_rki_rki_zki_ph_lstm_geo,12,2,138.06,58.973378739316246,2.341056302883295,North
3rd_imdc_rki_rki_zki_ph_lstm_geo,12,3,72.78,47.43,1.534471853257432,North
3rd_imdc_rki_rki_zki_ph_lstm_geo,12,4,52.99,40.95000000000001,1.2940170940170939,North
3rd_imdc_rki_rki_zki_ph_lstm_geo,13,1,48.38,22.90296207264957,2.1123905216511183,North
3rd_imdc_rki_rki_zki_ph_lstm_geo,13,2,124.53,57.59958066239316,2.161994906350174,North
3rd_imdc_rki_rki_zki_ph_lstm_geo,13,3,32.36,18.51,1.7482441923284708,North
3rd_imdc_rki_rki_zki_ph_lstm_geo,13,4,48.9,32.42,1.5083281924737815,North
3rd_imdc_rki_rki_zki_ph_lstm_geo,14,1,14.629999999999999,2.173453525641025,6.7312228338009295,North
3rd_imdc_rki_rki_zki_ph_lstm_geo,14,2,4.39,4.4362873931623925,0.9895661869801908,North
3rd_imdc_rki_rki_zki_ph_lstm_geo,14,3,4.41,2.69,1.6394052044609666,North
3rd_imdc_rki_rki_zki_ph_lstm_geo,14,4,5.66,5.0600000000000005,1.1185770750988142,North
3rd_imdc_rki_rki_zki_ph_lstm_geo,15,1,52.78,18.409249465811964,2.867037034726395,North
3rd_imdc_rki_rki_zki_ph_lstm_geo,15,2,259.89,197.2042361111112,1.3178722989174008,North
3rd_imdc_rki_rki_zki_ph_lstm_geo,15,3,98.04999999999998,92.14,1.0641415237681786,North
3rd_imdc_rki_rki_zki_ph_lstm_geo,15,4,89.03999999999999,39.14,2.2749105774144094,North
3rd_imdc_rki_rki_zki_ph_lstm_geo,16,1,27.25,8.522823183760684,3.197297352351733,North
3rd_imdc_rki_rki_zki_ph_lstm_geo,16,2,133.95,180.8090598290599,0.740836770716239,North
3rd_imdc_rki_rki_zki_ph_lstm_geo,16,3,18.54,17.47,1.0612478534630796,North
3rd_imdc_rki_rki_zki_ph_lstm_geo,16,4,6.0,7.9399999999999995,0.7556675062972292,North
3rd_imdc_rki_rki_zki_ph_lstm_geo,17,1,331.08,32.95020566239315,10.047888726165658,North
3rd_imdc_rki_rki_zki_ph_lstm_geo,17,2,36.07,29.62533653846153,1.2175389114372286,North
3rd_imdc_rki_rki_zki_ph_lstm_geo,17,3,26.79,32.61,0.8215271389144434,North
3rd_imdc_rki_rki_zki_ph_lstm_geo,17,4,387.2,187.15,2.068928666844777,North
3rd_imdc_rki_rki_zki_ph_lstm_geo,21,1,90.42,24.062783119658125,3.757670072923994,Northeast
3rd_imdc_rki_rki_zki_ph_lstm_geo,21,2,145.39,58.10072382478632,2.502378463277857,Northeast
3rd_imdc_rki_rki_zki_ph_lstm_geo,21,3,34.03,22.990000000000002,1.480208786428882,Northeast
3rd_imdc_rki_rki_zki_ph_lstm_geo,21,4,141.19,67.28,2.0985434007134365,Northeast
3rd_imdc_rki_rki_zki_ph_lstm_geo,22,1,1278.66,28.55163461538461,44.784125925701424,Northeast
3rd_imdc_rki_rki_zki_ph_lstm_geo,22,2,87.65,79.68833867521366,1.0999099925678681,Northeast
3rd_imdc_rki_rki_zki_ph_lstm_geo,22,3,65.92,26.300000000000004,2.5064638783269957,Northeast
3rd_imdc_rki_rki_zki_ph_lstm_geo,22,4,128.14,94.01000000000002,1.363046484416551,Northeast
3rd_imdc_rki_rki_zki_ph_lstm_geo,23,1,1163.59,119.86219017094014,9.70773184054587,Northeast
3rd_imdc_rki_rki_zki_ph_lstm_geo,23,2,105.59,125.9489075854701,0.8383558224063646,Northeast
3rd_imdc_rki_rki_zki_ph_lstm_geo,23,3,44.89999999999999,191.48,0.23448924169626068,Northeast
3rd_imdc_rki_rki_zki_ph_lstm_geo,23,4,188.22999999999996,101.86,1.8479285293540149,Northeast
3rd_imdc_rki_rki_zki_ph_lstm_geo,24,1,941.38,109.64313568376066,8.585854409665782,Northeast
3rd_imdc_rki_rki_zki_ph_lstm_geo,24,2,107.98,99.9653472222222,1.080174310403397,Northeast
3rd_imdc_rki_rki_zki_ph_lstm_geo,24,3,59.04,82.79999999999998,0.7130434782608697,Northeast
3rd_imdc_rki_rki_zki_ph_lstm_geo,24,4,225.5,77.37,2.9145663693938215,Northeast
3rd_imdc_rki_rki_zki_ph_lstm_geo,25,1,498.49,81.90579594017093,6.0861382796905845,Northeast
3rd_imdc_rki_rki_zki_ph_lstm_geo,25,2,100.41,78.4289503205128,1.2802670390163076,Northeast
3rd_imdc_rki_rki_zki_ph_lstm_geo,25,3,43.14,67.79,0.6363770467620592,Northeast
3rd_imdc_rki_rki_zki_ph_lstm_geo,25,4,101.03999999999999,60.29,1.6758998175485154,Northeast
3rd_imdc_rki_rki_zki_ph_lstm_geo,26,1,484.22,194.26540331196577,2.492569401163025,Northeast
3rd_imdc_rki_rki_zki_ph_lstm_geo,26,2,160.31,137.06076388888886,1.1696272182603522,Northeast
3rd_imdc_rki_rki_zki_ph_lstm_geo,26,3,129.89,113.78999999999999,1.141488707267774,Northeast
3rd_imdc_rki_rki_zki_ph_lstm_geo,26,4,196.4,103.51000000000002,1.8974012172736932,Northeast
3rd_imdc_rki_rki_zki_ph_lstm_geo,27,1,543.37,63.17461805555554,8.601080888564491,Northeast
3rd_imdc_rki_rki_zki_ph_lstm_geo,27,2,3104.13,98.23614316239316,31.598655037470216,Northeast
3rd_imdc_rki_rki_zki_ph_lstm_geo,27,3,65.85,60.480000000000004,1.0887896825396823,Northeast
3rd_imdc_rki_rki_zki_ph_lstm_geo,27,4,98.15000000000002,45.78,2.143949322848406,Northeast
3rd_imdc_rki_rki_zki_ph_lstm_geo,28,1,174.79,22.78627136752136,7.67084694028259,Northeast
3rd_imdc_rki_rki_zki_ph_lstm_geo,28,2,123.6,22.27611912393161,5.548542783074563,Northeast
3rd_imdc_rki_rki_zki_ph_lstm_geo,28,3,11.32,15.27,0.7413228552717748,Northeast
3rd_imdc_rki_rki_zki_ph_lstm_geo,28,4,26.82,11.32,2.3692579505300353,Northeast
3rd_imdc_rki_rki_zki_ph_lstm_geo,29,1,737.36,183.18042467948715,4.0253209440373725,Northeast
3rd_imdc_rki_rki_zki_ph_lstm_geo,29,2,3659.31,3104.0630341880337,1.178877477582284,Northeast
3rd_imdc_rki_rki_zki_ph_lstm_geo,29,3,187.42000000000002,236.23,0.7933793337002075,Northeast
3rd_imdc_rki_rki_zki_ph_lstm_geo,29,4,173.19,302.3868506006006,0.5727431588245656,Northeast
3rd_imdc_rki_rki_zki_ph_lstm_geo,31,1,6840.61,2416.086233974359,2.8312772548467726,Southeast
3rd_imdc_rki_rki_zki_ph_lstm_geo,31,2,16516.97,25866.006260683767,0.6385589577895422,Southeast
3rd_imdc_rki_rki_zki_ph_lstm_geo,31,3,1813.1100000000001,1133.0,1.6002736098852606,Southeast
3rd_imdc_rki_rki_zki_ph_lstm_geo,31,4,2329.04,2086.45,1.116269261185267,Southeast
3rd_imdc_rki_rki_zki_ph_lstm_geo,33,1,476.43,234.75418002136752,2.029484629226346,Southeast
3rd_imdc_rki_rki_zki_ph_lstm_geo,33,2,3468.87,4730.010045405984,0.7333747638377925,Southeast
3rd_imdc_rki_rki_zki_ph_lstm_geo,33,3,217.28,236.55,0.9185373071232297,Southeast
3rd_imdc_rki_rki_zki_ph_lstm_geo,33,4,70.86,249.32,0.28421305952189957,Southeast
3rd_imdc_rki_rki_zki_ph_lstm_geo,35,1,4237.46,1338.2324572649572,3.166460338781802,Southeast
3rd_imdc_rki_rki_zki_ph_lstm_geo,35,2,32578.31,28666.995940170957,1.1364396209491952,Southeast
3rd_imdc_rki_rki_zki_ph_lstm_geo,35,3,12941.130000000001,5586.86,2.316351224122316,Southeast
3rd_imdc_rki_rki_zki_ph_lstm_geo,35,4,787.26,4850.28,0.16231227887874516,Southeast
3rd_imdc_rki_rki_zki_ph_lstm_geo,41,1,2950.73,1437.424925213675,2.052788947959401,South
3rd_imdc_rki_rki_zki_ph_lstm_geo,41,2,4977.08,6683.275253739316,0.7447067210370104,South
3rd_imdc_rki_rki_zki_ph_lstm_geo,41,3,1138.6,728.92,1.5620369862261976,South
3rd_imdc_rki_rki_zki_ph_lstm_geo,41,4,590.64,1311.3,0.45042324410889956,South
3rd_imdc_rki_rki_zki_ph_lstm_geo,42,1,2738.55,1760.920769230769,1.5551807031024418,South
3rd_imdc_rki_rki_zki_ph_lstm_geo,42,2,5471.87,4318.642099358976,1.2670348396807873,South
3rd_imdc_rki_rki_zki_ph_lstm_geo,42,3,1463.4,548.67,2.667176991634316,South
3rd_imdc_rki_rki_zki_ph_lstm_geo,42,4,130.2,594.26,0.2190960185777269,South
3rd_imdc_rki_rki_zki_ph_lstm_geo,43,1,700.34,370.2973637820513,1.8912908070612255,South
3rd_imdc_rki_rki_zki_ph_lstm_geo,43,2,3085.8499999999995,3349.2164823717967,0.9213647479170142,South
3rd_imdc_rki_rki_zki_ph_lstm_geo,43,3,1446.59,634.4599999999999,2.2800334142420327,South
3rd_imdc_rki_rki_zki_ph_lstm_geo,43,4,850.13,286.01,2.972378588161253,South
3rd_imdc_rki_rki_zki_ph_lstm_geo,50,1,494.86,257.81926014957264,1.919406640578013,Midwest
3rd_imdc_rki_rki_zki_ph_lstm_geo,50,2,170.64,155.00426816239312,1.1008729115847689,Midwest
3rd_imdc_rki_rki_zki_ph_lstm_geo,50,3,131.08,147.63,0.8878954142112038,Midwest
3rd_imdc_rki_rki_zki_ph_lstm_geo,50,4,93.19,220.94,0.4217887209197067,Midwest
3rd_imdc_rki_rki_zki_ph_lstm_geo,51,1,204.03,102.4777911324786,1.990967972135927,Midwest
3rd_imdc_rki_rki_zki_ph_lstm_geo,51,2,704.01,202.04812232905985,3.484367941086007,Midwest
3rd_imdc_rki_rki_zki_ph_lstm_geo,51,3,404.40999999999997,135.48,2.9850162385591967,Midwest
3rd_imdc_rki_rki_zki_ph_lstm_geo,51,4,116.47,122.88,0.9478352864583334,Midwest
3rd_imdc_rki_rki_zki_ph_lstm_geo,52,1,1699.81,312.7443643162392,5.435141904847228,Midwest
3rd_imdc_rki_rki_zki_ph_lstm_geo,52,2,6243.53,4133.947003205129,1.5103072185393938,Midwest
3rd_imdc_rki_rki_zki_ph_lstm_geo,52,3,1572.59,267.54,5.87796217388054,Midwest
3rd_imdc_rki_rki_zki_ph_lstm_geo,52,4,2389.01,293.55,8.138340998126385,Midwest
3rd_imdc_rki_rki_zki_ph_lstm_geo,53,1,659.72,186.2505128205128,3.5421110525250668,Midwest
3rd_imdc_rki_rki_zki_ph_lstm_geo,53,2,5381.24,4186.771407585471,1.285295870285735,Midwest
3rd_imdc_rki_rki_zki_ph_lstm_geo,53,3,80.16,296.11,0.27071020904393633,Midwest
3rd_imdc_rki_rki_zki_ph_lstm_geo,53,4,43.47,284.16,0.15297719594594592,Midwest
3rd_imdc_unesp_recogna,11,1,239.27,101.89453525641024,2.3482122902655607,North
3rd_imdc_unesp_recogna,11,2,85.21000000000001,31.277812499999985,2.7242953771143696,North
3rd_imdc_unesp_recogna,11,3,19.84,24.740000000000002,0.8019401778496361,North
3rd_imdc_unesp_recogna,11,4,11.17,26.55,0.42071563088512237,North
3rd_imdc_unesp_recogna,12,1,78.73,30.96498397435897,2.5425493539797595,North
3rd_imdc_unesp_recogna,12,2,168.73,58.973378739316246,2.8611214688215147,North
3rd_imdc_unesp_recogna,12,3,190.62,47.43,4.018975332068312,North
3rd_imdc_unesp_recogna,12,4,39.21,40.95000000000001,0.9575091575091573,North
3rd_imdc_unesp_recogna,13,1,107.53,22.90296207264957,4.695025894856237,North
3rd_imdc_unesp_recogna,13,2,168.32999999999998,57.59958066239316,2.9224171090173034,North
3rd_imdc_unesp_recogna,13,3,86.72,18.51,4.68503511615343,North
3rd_imdc_unesp_recogna,13,4,21.97,32.42,0.6776681061073411,North
3rd_imdc_unesp_recogna,14,1,2.26,2.173453525641025,1.0398197952419754,North
3rd_imdc_unesp_recogna,14,2,7.36,4.4362873931623925,1.6590449057344432,North
3rd_imdc_unesp_recogna,14,3,4.9399999999999995,2.69,1.8364312267657992,North
3rd_imdc_unesp_recogna,14,4,10.02,5.0600000000000005,1.9802371541501973,North
3rd_imdc_unesp_recogna,15,1,76.63,18.409249465811964,4.162581431812876,North
3rd_imdc_unesp_recogna,15,2,328.81,197.2042361111112,1.6673576921275561,North
3rd_imdc_unesp_recogna,15,3,281.15,92.14,3.0513349251139568,North
3rd_imdc_unesp_recogna,15,4,165.64000000000001,39.14,4.23198773633112,North
3rd_imdc_unesp_recogna,16,1,14.43,8.522823183760684,1.693100946584789,North
3rd_imdc_unesp_recogna,16,2,207.01000000000002,180.8090598290599,1.1449094431203335,North
3rd_imdc_unesp_recogna,16,3,51.17,17.47,2.9290211791642817,North
3rd_imdc_unesp_recogna,16,4,4.19,7.9399999999999995,0.5277078085642318,North
3rd_imdc_unesp_recogna,17,1,53.55,32.95020566239315,1.6251795375322309,North
3rd_imdc_unesp_recogna,17,2,70.17,29.62533653846153,2.3685806879830973,North
3rd_imdc_unesp_recogna,17,3,20.11,32.61,0.6166819993866912,North
3rd_imdc_unesp_recogna,17,4,432.87,187.15,2.3129575207053166,North
3rd_imdc_unesp_recogna,21,1,70.29,24.062783119658125,2.9211084873460247,Northeast
3rd_imdc_unesp_recogna,21,2,177.78,58.10072382478632,3.0598586092684332,Northeast
3rd_imdc_unesp_recogna,21,3,56.83,22.990000000000002,2.4719443236189647,Northeast
3rd_imdc_unesp_recogna,21,4,222.89000000000001,67.28,3.312871581450654,Northeast
3rd_imdc_unesp_recogna,22,1,122.52,28.55163461538461,4.291172875054305,Northeast
3rd_imdc_unesp_recogna,22,2,232.05,79.68833867521366,2.9119693528279953,Northeast
3rd_imdc_unesp_recogna,22,3,124.89,26.300000000000004,4.7486692015209115,Northeast
3rd_imdc_unesp_recogna,22,4,288.82,94.01000000000002,3.072226358897989,Northeast
3rd_imdc_unesp_recogna,23,1,226.16,119.86219017094014,1.886833535057756,Northeast
3rd_imdc_unesp_recogna,23,2,160.51000000000002,125.9489075854701,1.2744056544601345,Northeast
3rd_imdc_unesp_recogna,23,3,43.51,191.48,0.22722999791100898,Northeast
3rd_imdc_unesp_recogna,23,4,215.6,101.86,2.1166306695464363,Northeast
3rd_imdc_unesp_recogna,24,1,81.65,109.64313568376066,0.7446886619103986,Northeast
3rd_imdc_unesp_recogna,24,2,240.11,99.9653472222222,2.4019323362748626,Northeast
3rd_imdc_unesp_recogna,24,3,101.82,82.79999999999998,1.2297101449275365,Northeast
3rd_imdc_unesp_recogna,24,4,83.58,77.37,1.0802636680884063,Northeast
3rd_imdc_unesp_recogna,25,1,83.49,81.90579594017093,1.0193417821247506,Northeast
3rd_imdc_unesp_recogna,25,2,186.57999999999998,78.4289503205128,2.378968470666892,Northeast
3rd_imdc_unesp_recogna,25,3,77.1,67.79,1.1373358902492992,Northeast
3rd_imdc_unesp_recogna,25,4,52.769999999999996,60.29,0.8752695306020899,Northeast
3rd_imdc_unesp_recogna,26,1,80.28,194.26540331196577,0.4132490841463955,Northeast
3rd_imdc_unesp_recogna,26,2,393.94,137.06076388888886,2.8741996529317144,Northeast
3rd_imdc_unesp_recogna,26,3,343.99,113.78999999999999,3.023024870375253,Northeast
3rd_imdc_unesp_recogna,26,4,415.15999999999997,103.51000000000002,4.01082021060767,Northeast
3rd_imdc_unesp_recogna,27,1,60.03,63.17461805555554,0.9502233942627057,Northeast
3rd_imdc_unesp_recogna,27,2,305.11,98.23614316239316,3.105883335582768,Northeast
3rd_imdc_unesp_recogna,27,3,105.01,60.480000000000004,1.736276455026455,Northeast
3rd_imdc_unesp_recogna,27,4,69.32,45.78,1.5141983398864132,Northeast
3rd_imdc_unesp_recogna,28,1,48.440000000000005,22.78627136752136,2.125841442801583,Northeast
3rd_imdc_unesp_recogna,28,2,35.74,22.27611912393161,1.6044087303162209,Northeast
3rd_imdc_unesp_recogna,28,3,5.39,15.27,0.35297969875573015,Northeast
3rd_imdc_unesp_recogna,28,4,6.7,11.32,0.5918727915194346,Northeast
3rd_imdc_unesp_recogna,29,1,760.47,183.18042467948715,4.151480712694072,Northeast
3rd_imdc_unesp_recogna,29,2,4369.26,3104.0630341880337,1.4075938381009454,Northeast
3rd_imdc_unesp_recogna,29,3,430.82,236.23,1.8237311095119164,Northeast
3rd_imdc_unesp_recogna,29,4,208.44999999999996,302.3868506006006,0.6893487583404393,Northeast
3rd_imdc_unesp_recogna,31,1,6850.5599999999995,2416.086233974359,2.8353954853387497,Southeast
3rd_imdc_unesp_recogna,31,2,33744.43,25866.006260683767,1.304586013778687,Southeast
3rd_imdc_unesp_recogna,31,3,2756.01,1133.0,2.4324889673433363,Southeast
3rd_imdc_unesp_recogna,31,4,917.5600000000001,2086.45,0.4397709027295167,Southeast
3rd_imdc_unesp_recogna,33,1,696.09,234.75418002136752,2.965186817702847,Southeast
3rd_imdc_unesp_recogna,33,2,6119.65,4730.010045405984,1.2937921782943573,Southeast
3rd_imdc_unesp_recogna,33,3,553.61,236.55,2.340350877192982,Southeast
3rd_imdc_unesp_recogna,33,4,63.20000000000001,249.32,0.25348949141665333,Southeast
3rd_imdc_unesp_recogna,35,1,5809.570000000001,1338.2324572649572,4.3412263455883,Southeast
3rd_imdc_unesp_recogna,35,2,41383.88,28666.995940170957,1.4436071392471548,Southeast
3rd_imdc_unesp_recogna,35,3,18087.0,5586.86,3.237417798190755,Southeast
3rd_imdc_unesp_recogna,35,4,1247.0899999999997,4850.28,0.2571171148882126,Southeast
3rd_imdc_unesp_recogna,41,1,3908.1600000000003,1437.424925213675,2.7188619951188393,South
3rd_imdc_unesp_recogna,41,2,12576.66,6683.275253739316,1.8818108670540412,South
3rd_imdc_unesp_recogna,41,3,1990.77,728.92,2.731122756955496,South
3rd_imdc_unesp_recogna,41,4,115.61,1311.3,0.08816441699077252,South
3rd_imdc_unesp_recogna,42,1,2870.52,1760.920769230769,1.6301244497524678,South
3rd_imdc_unesp_recogna,42,2,6985.54,4318.642099358976,1.617531584994477,South
3rd_imdc_unesp_recogna,42,3,493.18,548.67,0.8988645269469809,South
3rd_imdc_unesp_recogna,42,4,36.89,594.26,0.062077205263689296,South
3rd_imdc_unesp_recogna,43,1,737.77,370.2973637820513,1.992371731909587,South
3rd_imdc_unesp_recogna,43,2,4196.05,3349.2164823717967,1.2528452615963797,South
3rd_imdc_unesp_recogna,43,3,1618.65,634.4599999999999,2.551224663493365,South
3rd_imdc_unesp_recogna,43,4,92.03,286.01,0.3217719660151743,South
3rd_imdc_unesp_recogna,50,1,857.59,257.81926014957264,3.3263224768486,Midwest
3rd_imdc_unesp_recogna,50,2,323.01,155.00426816239312,2.083878101095852,Midwest
3rd_imdc_unesp_recogna,50,3,175.09999999999997,147.63,1.1860732913364491,Midwest
3rd_imdc_unesp_recogna,50,4,54.70000000000001,220.94,0.24757852810717848,Midwest
3rd_imdc_unesp_recogna,51,1,469.88,102.4777911324786,4.585188603378079,Midwest
3rd_imdc_unesp_recogna,51,2,690.5,202.04812232905985,3.4175026822344683,Midwest
3rd_imdc_unesp_recogna,51,3,591.94,135.48,4.369205786832006,Midwest
3rd_imdc_unesp_recogna,51,4,172.02000000000004,122.88,1.3999023437500004,Midwest
3rd_imdc_unesp_recogna,52,1,1066.47,312.7443643162392,3.4100374672830633,Midwest
3rd_imdc_unesp_recogna,52,2,6588.61,4133.947003205129,1.5937819219481342,Midwest
3rd_imdc_unesp_recogna,52,3,2066.73,267.54,7.724938326979143,Midwest
3rd_imdc_unesp_recogna,52,4,2729.6,293.55,9.298586271504002,Midwest
3rd_imdc_unesp_recogna,53,1,631.53,186.2505128205128,3.390755764568537,Midwest
3rd_imdc_unesp_recogna,53,2,5639.679999999999,4186.771407585471,1.34702362536015,Midwest
3rd_imdc_unesp_recogna,53,3,259.03,296.11,0.8747762655769814,Midwest
3rd_imdc_unesp_recogna,53,4,143.42,284.16,0.504715653153153,Midwest
3rd_imdc_universidad_del_valle_grupo_modelamiento_datos_dengue,11,1,69.10684021704617,101.89453525641024,0.678219298445631,North
3rd_imdc_universidad_del_valle_grupo_modelamiento_datos_dengue,11,2,36.915418041546666,31.277812499999985,1.18024296109412,North
3rd_imdc_universidad_del_valle_grupo_modelamiento_datos_dengue,11,3,25.550000000000004,24.740000000000002,1.0327405012126112,North
3rd_imdc_universidad_del_valle_grupo_modelamiento_datos_dengue,11,4,36.41,26.55,1.3713747645951033,North
3rd_imdc_universidad_del_valle_grupo_modelamiento_datos_dengue,12,1,34.61728103071659,30.96498397435897,1.117949263574041,North
3rd_imdc_universidad_del_valle_grupo_modelamiento_datos_dengue,12,2,53.04023177547897,58.973378739316246,0.8993927922959283,North
3rd_imdc_universidad_del_valle_grupo_modelamiento_datos_dengue,12,3,46.17,47.43,0.9734345351043644,North
3rd_imdc_universidad_del_valle_grupo_modelamiento_datos_dengue,12,4,52.35,40.95000000000001,1.278388278388278,North
3rd_imdc_universidad_del_valle_grupo_modelamiento_datos_dengue,13,1,34.087203689186865,22.90296207264957,1.488331665618631,North
3rd_imdc_universidad_del_valle_grupo_modelamiento_datos_dengue,13,2,49.70431328453033,57.59958066239316,0.8629283878967949,North
3rd_imdc_universidad_del_valle_grupo_modelamiento_datos_dengue,13,3,28.83,18.51,1.5575364667747162,North
3rd_imdc_universidad_del_valle_grupo_modelamiento_datos_dengue,13,4,45.65,32.42,1.4080814312152992,North
3rd_imdc_universidad_del_valle_grupo_modelamiento_datos_dengue,14,1,2.9567325503770614,2.173453525641025,1.3603845288134335,North
3rd_imdc_universidad_del_valle_grupo_modelamiento_datos_dengue,14,2,3.846413585698909,4.4362873931623925,0.8670343566170554,North
3rd_imdc_universidad_del_valle_grupo_modelamiento_datos_dengue,14,3,5.71,2.69,2.1226765799256504,North
3rd_imdc_universidad_del_valle_grupo_modelamiento_datos_dengue,14,4,4.59,5.0600000000000005,0.9071146245059287,North
3rd_imdc_universidad_del_valle_grupo_modelamiento_datos_dengue,15,1,23.096982394755976,18.409249465811964,1.2546400893556067,North
3rd_imdc_universidad_del_valle_grupo_modelamiento_datos_dengue,15,2,152.64632323958057,197.2042361111112,0.7740519486283993,North
3rd_imdc_universidad_del_valle_grupo_modelamiento_datos_dengue,15,3,56.86,92.14,0.617104406338181,North
3rd_imdc_universidad_del_valle_grupo_modelamiento_datos_dengue,15,4,49.38000000000001,39.14,1.2616249361267249,North
3rd_imdc_universidad_del_valle_grupo_modelamiento_datos_dengue,16,1,7.549460059795719,8.522823183760684,0.8857933453530278,North
3rd_imdc_universidad_del_valle_grupo_modelamiento_datos_dengue,16,2,150.1758329708229,180.8090598290599,0.830576925253645,North
3rd_imdc_universidad_del_valle_grupo_modelamiento_datos_dengue,16,3,37.09,17.47,2.123068116771609,North
3rd_imdc_universidad_del_valle_grupo_modelamiento_datos_dengue,16,4,13.379999999999999,7.9399999999999995,1.685138539042821,North
3rd_imdc_universidad_del_valle_grupo_modelamiento_datos_dengue,17,1,62.95344066017962,32.95020566239315,1.9105629052880198,North
3rd_imdc_universidad_del_valle_grupo_modelamiento_datos_dengue,17,2,27.65181188969545,29.62533653846153,0.9333838909744056,North
3rd_imdc_universidad_del_valle_grupo_modelamiento_datos_dengue,17,3,29.759999999999998,32.61,0.9126034958601655,North
3rd_imdc_universidad_del_valle_grupo_modelamiento_datos_dengue,17,4,190.67000000000002,187.15,1.0188084424258617,North
3rd_imdc_universidad_del_valle_grupo_modelamiento_datos_dengue,21,1,34.03850378836825,24.062783119658125,1.414570526572234,Northeast
3rd_imdc_universidad_del_valle_grupo_modelamiento_datos_dengue,21,2,63.6185324411678,58.10072382478632,1.094969705248793,Northeast
3rd_imdc_universidad_del_valle_grupo_modelamiento_datos_dengue,21,3,27.31,22.990000000000002,1.1879077859939102,Northeast
3rd_imdc_universidad_del_valle_grupo_modelamiento_datos_dengue,21,4,75.73,67.28,1.1255945303210464,Northeast
3rd_imdc_universidad_del_valle_grupo_modelamiento_datos_dengue,22,1,62.88128685302503,28.55163461538461,2.2023708169458858,Northeast
3rd_imdc_universidad_del_valle_grupo_modelamiento_datos_dengue,22,2,66.9361948030162,79.68833867521366,0.8399747806994514,Northeast
3rd_imdc_universidad_del_valle_grupo_modelamiento_datos_dengue,22,3,38.11,26.300000000000004,1.4490494296577945,Northeast
3rd_imdc_universidad_del_valle_grupo_modelamiento_datos_dengue,22,4,83.15000000000002,94.01000000000002,0.8844803744282523,Northeast
3rd_imdc_universidad_del_valle_grupo_modelamiento_datos_dengue,23,1,234.78578295447628,119.86219017094014,1.9587977044273854,Northeast
3rd_imdc_universidad_del_valle_grupo_modelamiento_datos_dengue,23,2,154.2027684016525,125.9489075854701,1.2243279545478318,Northeast
3rd_imdc_universidad_del_valle_grupo_modelamiento_datos_dengue,23,3,157.25,191.48,0.8212345936912472,Northeast
3rd_imdc_universidad_del_valle_grupo_modelamiento_datos_dengue,23,4,101.87,101.86,1.0000981739642647,Northeast
3rd_imdc_universidad_del_valle_grupo_modelamiento_datos_dengue,24,1,307.58059393084693,109.64313568376066,2.805288192577686,Northeast
3rd_imdc_universidad_del_valle_grupo_modelamiento_datos_dengue,24,2,83.71535359194016,99.9653472222222,0.837443733435363,Northeast
3rd_imdc_universidad_del_valle_grupo_modelamiento_datos_dengue,24,3,74.62,82.79999999999998,0.9012077294685993,Northeast
3rd_imdc_universidad_del_valle_grupo_modelamiento_datos_dengue,24,4,71.35,77.37,0.9221920641075351,Northeast
3rd_imdc_universidad_del_valle_grupo_modelamiento_datos_dengue,25,1,38.953180370460345,81.90579594017093,0.47558515149421365,Northeast
3rd_imdc_universidad_del_valle_grupo_modelamiento_datos_dengue,25,2,74.74339277035641,78.4289503205128,0.9530076899525654,Northeast
3rd_imdc_universidad_del_valle_grupo_modelamiento_datos_dengue,25,3,51.28,67.79,0.7564537542410384,Northeast
3rd_imdc_universidad_del_valle_grupo_modelamiento_datos_dengue,25,4,47.230000000000004,60.29,0.7833803284126721,Northeast
3rd_imdc_universidad_del_valle_grupo_modelamiento_datos_dengue,26,1,112.03266730811032,194.26540331196577,0.5766990179316693,Northeast
3rd_imdc_universidad_del_valle_grupo_modelamiento_datos_dengue,26,2,104.75519105930064,137.06076388888886,0.7642974406900476,Northeast
3rd_imdc_universidad_del_valle_grupo_modelamiento_datos_dengue,26,3,95.31,113.78999999999999,0.8375955707882943,Northeast
3rd_imdc_universidad_del_valle_grupo_modelamiento_datos_dengue,26,4,104.98,103.51000000000002,1.0142015264225677,Northeast
3rd_imdc_universidad_del_valle_grupo_modelamiento_datos_dengue,27,1,216.2100100331628,63.17461805555554,3.422418950646104,Northeast
3rd_imdc_universidad_del_valle_grupo_modelamiento_datos_dengue,27,2,75.80047672139891,98.23614316239316,0.7716149502744007,Northeast
3rd_imdc_universidad_del_valle_grupo_modelamiento_datos_dengue,27,3,118.61,60.480000000000004,1.9611441798941798,Northeast
3rd_imdc_universidad_del_valle_grupo_modelamiento_datos_dengue,27,4,54.43,45.78,1.188947138488423,Northeast
3rd_imdc_universidad_del_valle_grupo_modelamiento_datos_dengue,28,1,42.88635246565885,22.78627136752136,1.8821136540481715,Northeast
3rd_imdc_universidad_del_valle_grupo_modelamiento_datos_dengue,28,2,13.899186408970564,22.27611912393161,0.6239500844668421,Northeast
3rd_imdc_universidad_del_valle_grupo_modelamiento_datos_dengue,28,3,10.76,15.27,0.704649639816634,Northeast
3rd_imdc_universidad_del_valle_grupo_modelamiento_datos_dengue,28,4,8.72,11.32,0.7703180212014135,Northeast
3rd_imdc_universidad_del_valle_grupo_modelamiento_datos_dengue,29,1,178.1346660306487,183.18042467948715,0.9724547060218521,Northeast
3rd_imdc_universidad_del_valle_grupo_modelamiento_datos_dengue,29,2,2115.96074236746,3104.0630341880337,0.6816745404530604,Northeast
3rd_imdc_universidad_del_valle_grupo_modelamiento_datos_dengue,29,3,332.92,236.23,1.4093044913855142,Northeast
3rd_imdc_universidad_del_valle_grupo_modelamiento_datos_dengue,29,4,223.35,302.3868506006006,0.7386233877444814,Northeast
3rd_imdc_universidad_del_valle_grupo_modelamiento_datos_dengue,31,1,2781.918747055187,2416.086233974359,1.1514153377212242,Southeast
3rd_imdc_universidad_del_valle_grupo_modelamiento_datos_dengue,31,2,25837.098252831,25866.006260683767,0.9988823938430454,Southeast
3rd_imdc_universidad_del_valle_grupo_modelamiento_datos_dengue,31,3,1964.66,1133.0,1.7340335392762578,Southeast
3rd_imdc_universidad_del_valle_grupo_modelamiento_datos_dengue,31,4,1466.23,2086.45,0.7027391023029549,Southeast
3rd_imdc_universidad_del_valle_grupo_modelamiento_datos_dengue,33,1,234.28946434757364,234.75418002136752,0.9980204157653271,Southeast
3rd_imdc_universidad_del_valle_grupo_modelamiento_datos_dengue,33,2,2753.081033049949,4730.010045405984,0.5820454939041568,Southeast
3rd_imdc_universidad_del_valle_grupo_modelamiento_datos_dengue,33,3,528.1,236.55,2.2325089833016274,Southeast
3rd_imdc_universidad_del_valle_grupo_modelamiento_datos_dengue,33,4,358.82,249.32,1.4391946093373977,Southeast
3rd_imdc_universidad_del_valle_grupo_modelamiento_datos_dengue,35,1,1648.7231289692393,1338.2324572649572,1.2320154992644958,Southeast
3rd_imdc_universidad_del_valle_grupo_modelamiento_datos_dengue,35,2,23219.61178703464,28666.995940170957,0.8099771540587928,Southeast
3rd_imdc_universidad_del_valle_grupo_modelamiento_datos_dengue,35,3,10886.140000000001,5586.86,1.9485256476804504,Southeast
3rd_imdc_universidad_del_valle_grupo_modelamiento_datos_dengue,35,4,4606.64,4850.28,0.94976784845411,Southeast
3rd_imdc_universidad_del_valle_grupo_modelamiento_datos_dengue,41,1,1775.8172947149158,1437.424925213675,1.235415682284025,South
3rd_imdc_universidad_del_valle_grupo_modelamiento_datos_dengue,41,2,3805.932311355338,6683.275253739316,0.5694711300759168,South
3rd_imdc_universidad_del_valle_grupo_modelamiento_datos_dengue,41,3,5027.23,728.92,6.896819952806892,South
3rd_imdc_universidad_del_valle_grupo_modelamiento_datos_dengue,41,4,1145.03,1311.3,0.8732021657896744,South
3rd_imdc_universidad_del_valle_grupo_modelamiento_datos_dengue,42,1,1096.218851281545,1760.920769230769,0.6225259366782364,South
3rd_imdc_universidad_del_valle_grupo_modelamiento_datos_dengue,42,2,2301.74783452614,4318.642099358976,0.5329795295766214,South
3rd_imdc_universidad_del_valle_grupo_modelamiento_datos_dengue,42,3,2010.0499999999997,548.67,3.6634953615105617,South
3rd_imdc_universidad_del_valle_grupo_modelamiento_datos_dengue,42,4,474.74,594.26,0.7988759129000774,South
3rd_imdc_universidad_del_valle_grupo_modelamiento_datos_dengue,43,1,363.3703724098368,370.2973637820513,0.9812934358984754,South
3rd_imdc_universidad_del_valle_grupo_modelamiento_datos_dengue,43,2,1452.2207695578593,3349.2164823717967,0.4336001501250967,South
3rd_imdc_universidad_del_valle_grupo_modelamiento_datos_dengue,43,3,2068.76,634.4599999999999,3.260662610724081,South
3rd_imdc_universidad_del_valle_grupo_modelamiento_datos_dengue,43,4,1214.2,286.01,4.245306108178036,South
3rd_imdc_universidad_del_valle_grupo_modelamiento_datos_dengue,50,1,257.7474838176616,257.81926014957264,0.9997216021337219,Midwest
3rd_imdc_universidad_del_valle_grupo_modelamiento_datos_dengue,50,2,272.90670545932915,155.00426816239312,1.760639940400953,Midwest
3rd_imdc_universidad_del_valle_grupo_modelamiento_datos_dengue,50,3,189.38,147.63,1.2828015985910723,Midwest
3rd_imdc_universidad_del_valle_grupo_modelamiento_datos_dengue,50,4,259.42,220.94,1.1741649316556533,Midwest
3rd_imdc_universidad_del_valle_grupo_modelamiento_datos_dengue,51,1,101.34457510721008,102.4777911324786,0.9889418379070686,Midwest
3rd_imdc_universidad_del_valle_grupo_modelamiento_datos_dengue,51,2,174.19199784012835,202.04812232905985,0.862131238004952,Midwest
3rd_imdc_universidad_del_valle_grupo_modelamiento_datos_dengue,51,3,199.62,135.48,1.4734278122232065,Midwest
3rd_imdc_universidad_del_valle_grupo_modelamiento_datos_dengue,51,4,164.76,122.88,1.3408203125,Midwest
3rd_imdc_universidad_del_valle_grupo_modelamiento_datos_dengue,52,1,498.2647138712101,312.7443643162392,1.5932012554745107,Midwest
3rd_imdc_universidad_del_valle_grupo_modelamiento_datos_dengue,52,2,3290.5905934466136,4133.947003205129,0.7959924476282244,Midwest
3rd_imdc_universidad_del_valle_grupo_modelamiento_datos_dengue,52,3,526.18,267.54,1.9667339463257827,Midwest
3rd_imdc_universidad_del_valle_grupo_modelamiento_datos_dengue,52,4,524.6,293.55,1.7870890819281213,Midwest
3rd_imdc_universidad_del_valle_grupo_modelamiento_datos_dengue,53,1,215.920215938121,186.2505128205128,1.1592999808070354,Midwest
3rd_imdc_universidad_del_valle_grupo_modelamiento_datos_dengue,53,2,4070.743907517103,4186.771407585471,0.9722871184564429,Midwest
3rd_imdc_universidad_del_valle_grupo_modelamiento_datos_dengue,53,3,221.66,296.11,0.7485731653777312,Midwest
3rd_imdc_universidad_del_valle_grupo_modelamiento_datos_dengue,53,4,152.92,284.16,0.5381475225225224,Midwest
DS-OKSTATE-2026,11,1,150.01227812494977,101.89453525641024,1.4722308487639177,North
DS-OKSTATE-2026,11,2,46.29234071269319,31.277812499999985,1.480037669280523,North
DS-OKSTATE-2026,11,3,64.44,24.740000000000002,2.6046887631366205,North
DS-OKSTATE-2026,11,4,88.16,26.55,3.3205273069679846,North
DS-OKSTATE-2026,12,1,108.85896297049018,30.96498397435897,3.5155504378956732,North
DS-OKSTATE-2026,12,2,98.47549671200194,58.973378739316246,1.6698296556366459,North
DS-OKSTATE-2026,12,3,58.7,47.43,1.2376133248998524,North
DS-OKSTATE-2026,12,4,169.77000000000004,40.95000000000001,4.145787545787546,North
DS-OKSTATE-2026,13,1,63.68301054214543,22.90296207264957,2.780557830910216,North
DS-OKSTATE-2026,13,2,64.27705735659188,57.59958066239316,1.1159292588141785,North
DS-OKSTATE-2026,13,3,55.3,18.51,2.987574284170718,North
DS-OKSTATE-2026,13,4,146.44,32.42,4.516964836520666,North
DS-OKSTATE-2026,14,1,19.04286812979804,2.173453525641025,8.761571344932097,North
DS-OKSTATE-2026,14,2,7.16227826682631,4.4362873931623925,1.61447571630852,North
DS-OKSTATE-2026,14,3,10.74,2.69,3.992565055762082,North
DS-OKSTATE-2026,14,4,6.25,5.0600000000000005,1.2351778656126482,North
DS-OKSTATE-2026,15,1,58.03774981715841,18.409249465811964,3.1526407377411556,North
DS-OKSTATE-2026,15,2,229.40164201200412,197.2042361111112,1.163269342159323,North
DS-OKSTATE-2026,15,3,142.31,92.14,1.5444975037985673,North
DS-OKSTATE-2026,15,4,56.519999999999996,39.14,1.4440470107307102,North
DS-OKSTATE-2026,16,1,17.200477638426523,8.522823183760684,2.0181666646798644,North
DS-OKSTATE-2026,16,2,181.1657318887522,180.8090598290599,1.0019726448443984,North
DS-OKSTATE-2026,16,3,17.26,17.47,0.9879793932455639,North
DS-OKSTATE-2026,16,4,27.37,7.9399999999999995,3.4471032745591943,North
DS-OKSTATE-2026,17,1,75.09093481828278,32.95020566239315,2.27892158208851,North
DS-OKSTATE-2026,17,2,57.86672219871558,29.62533653846153,1.9532848892227521,North
DS-OKSTATE-2026,17,3,102.15,32.61,3.13247470101196,North
DS-OKSTATE-2026,17,4,325.08,187.15,1.737002404488378,North
DS-OKSTATE-2026,21,1,30.607530516904944,24.062783119658125,1.2719863020292146,Northeast
DS-OKSTATE-2026,21,2,114.21155034050113,58.10072382478632,1.9657509032921445,Northeast
DS-OKSTATE-2026,21,3,31.509999999999998,22.990000000000002,1.3705959112657675,Northeast
DS-OKSTATE-2026,21,4,148.85,67.28,2.2123959571938165,Northeast
DS-OKSTATE-2026,22,1,30.095143202493464,28.55163461538461,1.0540602528682248,Northeast
DS-OKSTATE-2026,22,2,122.83489445045804,79.68833867521366,1.541441276007737,Northeast
DS-OKSTATE-2026,22,3,20.220000000000002,26.300000000000004,0.7688212927756654,Northeast
DS-OKSTATE-2026,22,4,161.03,94.01000000000002,1.7129028826720558,Northeast
DS-OKSTATE-2026,23,1,377.9750291967712,119.86219017094014,3.153413337915203,Northeast
DS-OKSTATE-2026,23,2,394.872463949908,125.9489075854701,3.1351797448655434,Northeast
DS-OKSTATE-2026,23,3,521.4,191.48,2.7229997911008983,Northeast
DS-OKSTATE-2026,23,4,411.63,101.86,4.0411348910269,Northeast
DS-OKSTATE-2026,24,1,238.1213261493614,109.64313568376066,2.171785079516198,Northeast
DS-OKSTATE-2026,24,2,140.39937860332304,99.9653472222222,1.404480477532042,Northeast
DS-OKSTATE-2026,24,3,210.82999999999998,82.79999999999998,2.546256038647343,Northeast
DS-OKSTATE-2026,24,4,234.12,77.37,3.0259790616518027,Northeast
DS-OKSTATE-2026,25,1,119.50304596024792,81.90579594017093,1.4590303969152603,Northeast
DS-OKSTATE-2026,25,2,126.33109710057758,78.4289503205128,1.6107712341463807,Northeast
DS-OKSTATE-2026,25,3,118.75,67.79,1.7517332939961645,Northeast
DS-OKSTATE-2026,25,4,134.97,60.29,2.2386797147122244,Northeast
DS-OKSTATE-2026,26,1,424.45479836609945,194.26540331196577,2.1849222307714693,Northeast
DS-OKSTATE-2026,26,2,170.2944720350072,137.06076388888886,1.242474266180655,Northeast
DS-OKSTATE-2026,26,3,235.66,113.78999999999999,2.0710079971878024,Northeast
DS-OKSTATE-2026,26,4,173.29,103.51000000000002,1.6741377644672009,Northeast
DS-OKSTATE-2026,27,1,228.7792662082473,63.17461805555554,3.6213794914764597,Northeast
DS-OKSTATE-2026,27,2,93.0012511505121,98.23614316239316,0.9467111406926134,Northeast
DS-OKSTATE-2026,27,3,164.91,60.480000000000004,2.726686507936508,Northeast
DS-OKSTATE-2026,27,4,171.28,45.78,3.7413717780690257,Northeast
DS-OKSTATE-2026,28,1,16.61439699750031,22.78627136752136,0.7291406623543424,Northeast
DS-OKSTATE-2026,28,2,20.108232264556957,22.27611912393161,0.9026811246917037,Northeast
DS-OKSTATE-2026,28,3,35.82,15.27,2.345776031434185,Northeast
DS-OKSTATE-2026,28,4,24.73,11.32,2.1846289752650176,Northeast
DS-OKSTATE-2026,29,1,239.6615557053412,183.18042467948715,1.3083360633358052,Northeast
DS-OKSTATE-2026,29,2,3741.97883659211,3104.0630341880337,1.2055099382255114,Northeast
DS-OKSTATE-2026,29,3,361.15,236.23,1.528806671464251,Northeast
DS-OKSTATE-2026,29,4,629.73,302.3868506006006,2.082531031852842,Northeast
DS-OKSTATE-2026,31,1,3608.410680891626,2416.086233974359,1.4934941601632918,Southeast
DS-OKSTATE-2026,31,2,30120.27952686417,25866.006260683767,1.164473526500567,Southeast
DS-OKSTATE-2026,31,3,2341.49,1133.0,2.0666284201235654,Southeast
DS-OKSTATE-2026,31,4,5399.59,2086.45,2.5879316542452493,Southeast
DS-OKSTATE-2026,32,1,2016.759952140408,,,Southeast
DS-OKSTATE-2026,32,2,2346.333729771684,1164.8850293803416,2.0142191466052335,Southeast
DS-OKSTATE-2026,32,3,797.94,418.56,1.9063933486238533,Southeast
DS-OKSTATE-2026,32,4,487.17,343.26,1.4192448872574726,Southeast
DS-OKSTATE-2026,33,1,590.2141194965178,234.75418002136752,2.5141793830584658,Southeast
DS-OKSTATE-2026,33,2,4801.247537484704,4730.010045405984,1.0150607485808427,Southeast
DS-OKSTATE-2026,33,3,832.1499999999999,236.55,3.5178609173536244,Southeast
DS-OKSTATE-2026,33,4,1713.55,249.32,6.872894272420985,Southeast
DS-OKSTATE-2026,35,1,2222.82826584578,1338.2324572649572,1.6610180494267308,Southeast
DS-OKSTATE-2026,35,2,37447.72580576017,28666.995940170957,1.3063010119342435,Southeast
DS-OKSTATE-2026,35,3,12307.23,5586.86,2.2028885635222646,Southeast
DS-OKSTATE-2026,35,4,7505.72,4850.28,1.5474817948654511,Southeast
DS-OKSTATE-2026,41,1,2970.653565550425,1437.424925213675,2.066649543529262,South
DS-OKSTATE-2026,41,2,11558.281884064963,6683.275253739316,1.7294337649190887,South
DS-OKSTATE-2026,41,3,404.89,728.92,0.5554656203698622,South
DS-OKSTATE-2026,41,4,2016.82,1311.3,1.5380309616411194,South
DS-OKSTATE-2026,42,1,2681.7754959588083,1760.920769230769,1.52293932970664,South
DS-OKSTATE-2026,42,2,6637.0432134529165,4318.642099358976,1.5368356674979073,South
DS-OKSTATE-2026,42,3,210.72,548.67,0.3840559899393078,South
DS-OKSTATE-2026,42,4,803.85,594.26,1.3526907414263118,South
DS-OKSTATE-2026,43,1,596.4526927627085,370.2973637820513,1.6107397759217295,South
DS-OKSTATE-2026,43,2,4088.3628903369,3349.2164823717967,1.220692335612079,South
DS-OKSTATE-2026,43,3,1289.6100000000001,634.4599999999999,2.0326104088516224,South
DS-OKSTATE-2026,43,4,360.76,286.01,1.2613544980944722,South
DS-OKSTATE-2026,50,1,447.9113543508887,257.81926014957264,1.7373075777621696,Midwest
DS-OKSTATE-2026,50,2,202.174178760088,155.00426816239312,1.304313624114379,Midwest
DS-OKSTATE-2026,50,3,333.14,147.63,2.2565874144821514,Midwest
DS-OKSTATE-2026,50,4,580.02,220.94,2.6252376210735946,Midwest
DS-OKSTATE-2026,51,1,181.2196037179988,102.4777911324786,1.7683792918967818,Midwest
DS-OKSTATE-2026,51,2,421.908373675362,202.04812232905985,2.088157854732414,Midwest
DS-OKSTATE-2026,51,3,279.84,135.48,2.065544729849424,Midwest
DS-OKSTATE-2026,51,4,214.27000000000004,122.88,1.7437337239583337,Midwest
DS-OKSTATE-2026,52,1,663.8734611638107,312.7443643162392,2.1227351693938714,Midwest
DS-OKSTATE-2026,52,2,5003.7048741678345,4133.947003205129,1.2103940544686147,Midwest
DS-OKSTATE-2026,52,3,479.94999999999993,267.54,1.7939373551618445,Midwest
DS-OKSTATE-2026,52,4,310.28000000000003,293.55,1.0569919945494806,Midwest
DS-OKSTATE-2026,53,1,230.2940222618805,186.2505128205128,1.2364745673683695,Midwest
DS-OKSTATE-2026,53,2,5180.9908029928765,4186.771407585471,1.237466844644565,Midwest
DS-OKSTATE-2026,53,3,506.22999999999996,296.11,1.7096011617304379,Midwest
DS-OKSTATE-2026,53,4,767.59,284.16,2.7012598536036037,Midwest
